{"totalCount":"2","imdata":[{"bgpRRNodePEp":{"attributes":{"annotation":"","childAction":"","descr":"","dn":"uni/fabric/bgpInstP-default/rr/node-2201","extMngdBy":"","id":"2201","lcOwn":"local","modTs":"2022-09-19T14:33:07.901+00:00","monPolDn":"uni/fabric/monfab-default","name":"","nameAlias":"","podId":"2","status":"","uid":"15374","userdom":"all"}}},{"bgpRRNodePEp":{"attributes":{"annotation":"","childAction":"","descr":"","dn":"uni/fabric/bgpInstP-default/rr/node-1201","extMngdBy":"","id":"1201","lcOwn":"local","modTs":"2022-09-19T14:33:07.901+00:00","monPolDn":"uni/fabric/monfab-default","name":"","nameAlias":"","podId":"1","status":"","uid":"15374","userdom":"all"}}}]}