{"totalCount":"3","imdata":[{"configRsRemotePath":{"attributes":{"annotation":"","childAction":"","dn":"uni/fabric/configexp-defaultAuto/rsRemotePath","extMngdBy":"","forceResolve":"yes","lcOwn":"local","modTs":"2022-09-19T14:33:07.901+00:00","monPolDn":"uni/fabric/monfab-default","rType":"mo","state":"formed","stateQual":"none","status":"","tCl":"fileRemotePath","tContextDn":"","tDn":"uni/fabric/path-PABLO-JH","tRn":"path-PABLO-JH","tType":"name","tnFileRemotePathName":"PABLO-JH","uid":"15374","userdom":":all:"}}},{"configRsRemotePath":{"attributes":{"annotation":"","childAction":"","dn":"uni/fabric/configimp-IMPORT/rsRemotePath","extMngdBy":"","forceResolve":"yes","lcOwn":"local","modTs":"2022-09-19T14:32:54.362+00:00","monPolDn":"uni/fabric/monfab-default","rType":"mo","state":"formed","stateQual":"none","status":"","tCl":"fileRemotePath","tContextDn":"","tDn":"uni/fabric/path-PabloJH","tRn":"path-PabloJH","tType":"name","tnFileRemotePathName":"PabloJH","uid":"15374","userdom":":all:"}}},{"configRsRemotePath":{"attributes":{"annotation":"","childAction":"","dn":"uni/fabric/configexp-defaultOneTime/rsRemotePath","extMngdBy":"","forceResolve":"yes","lcOwn":"local","modTs":"2022-09-19T14:33:07.901+00:00","monPolDn":"uni/fabric/monfab-default","rType":"mo","state":"formed","stateQual":"none","status":"","tCl":"fileRemotePath","tContextDn":"","tDn":"uni/fabric/path-PABLO-JH","tRn":"path-PABLO-JH","tType":"name","tnFileRemotePathName":"PABLO-JH","uid":"15374","userdom":":all:"}}}]}