{"totalCount":"9","imdata":[{"ctxClassCnt":{"attributes":{"childAction":"","count":"2","dn":"topology/pod-1/node-1102/ccnt-fvEpP","name":"fvEpP","status":""}}},{"ctxClassCnt":{"attributes":{"childAction":"","count":"5","dn":"topology/pod-1/node-1102/ccnt-l2BD","name":"l2BD","status":""}}},{"ctxClassCnt":{"attributes":{"childAction":"","count":"4","dn":"topology/pod-1/node-1102/ccnt-l3Dom","name":"l3Dom","status":""}}},{"ctxClassCnt":{"attributes":{"childAction":"","count":"0","dn":"topology/pod-1/node-1201/ccnt-fvEpP","name":"fvEpP","status":""}}},{"ctxClassCnt":{"attributes":{"childAction":"","count":"1","dn":"topology/pod-1/node-1201/ccnt-l2BD","name":"l2BD","status":""}}},{"ctxClassCnt":{"attributes":{"childAction":"","count":"3","dn":"topology/pod-1/node-1201/ccnt-l3Dom","name":"l3Dom","status":""}}},{"ctxClassCnt":{"attributes":{"childAction":"","count":"2","dn":"topology/pod-1/node-1101/ccnt-fvEpP","name":"fvEpP","status":""}}},{"ctxClassCnt":{"attributes":{"childAction":"","count":"4","dn":"topology/pod-1/node-1101/ccnt-l2BD","name":"l2BD","status":""}}},{"ctxClassCnt":{"attributes":{"childAction":"","count":"5","dn":"topology/pod-1/node-1101/ccnt-l3Dom","name":"l3Dom","status":""}}}]}