{"totalCount":"3","imdata":[{"eqptcapacityL2TotalUsage5min":{"attributes":{"childAction":"","cnt":"5","dn":"topology/pod-1/node-1101/sys/eqptcapacity/CDeqptcapacityL2TotalUsage5min","lastCollOffset":"50","modTs":"never","repIntvEnd":"2023-07-25T23:50:48.405+00:00","repIntvStart":"2023-07-25T23:49:58.403+00:00","status":"","totalEpAvg":"6","totalEpCapAvg":"65536","totalEpCapLast":"65536","totalEpCapMax":"65536","totalEpCapMin":"65536","totalEpCapSpct":"0","totalEpCapThr":"","totalEpCapTr":"0","totalEpCapTrBase":"65536","totalEpCapTtl":"327680","totalEpLast":"6","totalEpMax":"6","totalEpMin":"6","totalEpSpct":"0","totalEpThr":"","totalEpTr":"0","totalEpTrBase":"6","totalEpTtl":"30","totalNormalizedAvg":"0","totalNormalizedLast":"0","totalNormalizedMax":"0","totalNormalizedMin":"0","totalNormalizedSpct":"0","totalNormalizedThr":"","totalNormalizedTr":"0","totalNormalizedTrBase":"0","totalNormalizedTtl":"0"}}},{"eqptcapacityL2TotalUsage5min":{"attributes":{"childAction":"","cnt":"1","dn":"topology/pod-1/node-1102/sys/eqptcapacity/CDeqptcapacityL2TotalUsage5min","lastCollOffset":"9","modTs":"never","repIntvEnd":"2023-07-25T23:50:02.703+00:00","repIntvStart":"2023-07-25T23:49:52.718+00:00","status":"","totalEpAvg":"11","totalEpCapAvg":"65536","totalEpCapLast":"65536","totalEpCapMax":"65536","totalEpCapMin":"65536","totalEpCapSpct":"0","totalEpCapThr":"","totalEpCapTr":"0","totalEpCapTrBase":"65536","totalEpCapTtl":"65536","totalEpLast":"11","totalEpMax":"11","totalEpMin":"11","totalEpSpct":"0","totalEpThr":"","totalEpTr":"0","totalEpTrBase":"11","totalEpTtl":"11","totalNormalizedAvg":"0","totalNormalizedLast":"0","totalNormalizedMax":"0","totalNormalizedMin":"0","totalNormalizedSpct":"0","totalNormalizedThr":"","totalNormalizedTr":"0","totalNormalizedTrBase":"0","totalNormalizedTtl":"0"}}},{"eqptcapacityL2TotalUsage5min":{"attributes":{"childAction":"","cnt":"22","dn":"topology/pod-1/node-1201/sys/eqptcapacity/CDeqptcapacityL2TotalUsage5min","lastCollOffset":"110","modTs":"never","repIntvEnd":"2023-07-25T23:41:35.559+00:00","repIntvStart":"2023-07-25T23:39:45.548+00:00","status":"","totalEpAvg":"0","totalEpCapAvg":"0","totalEpCapLast":"0","totalEpCapMax":"0","totalEpCapMin":"0","totalEpCapSpct":"0","totalEpCapThr":"","totalEpCapTr":"0","totalEpCapTrBase":"0","totalEpCapTtl":"0","totalEpLast":"0","totalEpMax":"0","totalEpMin":"0","totalEpSpct":"0","totalEpThr":"","totalEpTr":"0","totalEpTrBase":"0","totalEpTtl":"0","totalNormalizedAvg":"0","totalNormalizedLast":"0","totalNormalizedMax":"0","totalNormalizedMin":"0","totalNormalizedSpct":"0","totalNormalizedThr":"","totalNormalizedTr":"0","totalNormalizedTrBase":"0","totalNormalizedTtl":"0"}}}]}