{"totalCount":"3","imdata":[{"eqptcapacityL3RemoteUsage5min":{"attributes":{"childAction":"","cnt":"5","dn":"topology/pod-1/node-1101/sys/eqptcapacity/CDeqptcapacityL3RemoteUsage5min","lastCollOffset":"50","modTs":"never","repIntvEnd":"2023-07-25T23:50:48.406+00:00","repIntvStart":"2023-07-25T23:49:58.403+00:00","status":"","v4RemoteEpAvg":"0","v4RemoteEpLast":"0","v4RemoteEpMax":"0","v4RemoteEpMin":"0","v4RemoteEpSpct":"0","v4RemoteEpThr":"","v4RemoteEpTr":"0","v4RemoteEpTrBase":"0","v4RemoteEpTtl":"0","v6RemoteEpAvg":"0","v6RemoteEpLast":"0","v6RemoteEpMax":"0","v6RemoteEpMin":"0","v6RemoteEpSpct":"0","v6RemoteEpThr":"","v6RemoteEpTr":"0","v6RemoteEpTrBase":"0","v6RemoteEpTtl":"0"}}},{"eqptcapacityL3RemoteUsage5min":{"attributes":{"childAction":"","cnt":"22","dn":"topology/pod-1/node-1201/sys/eqptcapacity/CDeqptcapacityL3RemoteUsage5min","lastCollOffset":"110","modTs":"never","repIntvEnd":"2023-07-25T23:41:35.559+00:00","repIntvStart":"2023-07-25T23:39:45.548+00:00","status":"","v4RemoteEpAvg":"0","v4RemoteEpLast":"0","v4RemoteEpMax":"0","v4RemoteEpMin":"0","v4RemoteEpSpct":"0","v4RemoteEpThr":"","v4RemoteEpTr":"0","v4RemoteEpTrBase":"0","v4RemoteEpTtl":"0","v6RemoteEpAvg":"0","v6RemoteEpLast":"0","v6RemoteEpMax":"0","v6RemoteEpMin":"0","v6RemoteEpSpct":"0","v6RemoteEpThr":"","v6RemoteEpTr":"0","v6RemoteEpTrBase":"0","v6RemoteEpTtl":"0"}}},{"eqptcapacityL3RemoteUsage5min":{"attributes":{"childAction":"","cnt":"1","dn":"topology/pod-1/node-1102/sys/eqptcapacity/CDeqptcapacityL3RemoteUsage5min","lastCollOffset":"9","modTs":"never","repIntvEnd":"2023-07-25T23:50:02.704+00:00","repIntvStart":"2023-07-25T23:49:52.718+00:00","status":"","v4RemoteEpAvg":"1","v4RemoteEpLast":"1","v4RemoteEpMax":"1","v4RemoteEpMin":"1","v4RemoteEpSpct":"0","v4RemoteEpThr":"","v4RemoteEpTr":"0","v4RemoteEpTrBase":"1","v4RemoteEpTtl":"1","v6RemoteEpAvg":"0","v6RemoteEpLast":"0","v6RemoteEpMax":"0","v6RemoteEpMin":"0","v6RemoteEpSpct":"0","v6RemoteEpThr":"","v6RemoteEpTr":"0","v6RemoteEpTrBase":"0","v6RemoteEpTtl":"0"}}}]}