{"totalCount":"60","imdata":[{"eqptcapacityFSPartition":{"attributes":{"avail":"1358840","childAction":"","dn":"topology/pod-1/node-1102/sys/eqptcapacity/fspartition-root","memAlert":"normal","modTs":"never","monPolDn":"uni/fabric/monfab-default","name":"root","path":"\/","status":"","used":"1201160"}}},{"eqptcapacityFSPartition":{"attributes":{"avail":"478660","childAction":"","dn":"topology/pod-1/node-1102/sys/eqptcapacity/fspartition-var","memAlert":"normal","modTs":"never","monPolDn":"uni/fabric/monfab-default","name":"var","path":"\/var","status":"","used":"33340"}}},{"eqptcapacityFSPartition":{"attributes":{"avail":"47684","childAction":"","dn":"topology/pod-1/node-1102/sys/eqptcapacity/fspartition-etc","memAlert":"normal","modTs":"never","monPolDn":"uni/fabric/monfab-default","name":"etc","path":"\/etc","status":"","used":"3516"}}},{"eqptcapacityFSPartition":{"attributes":{"avail":"38032","childAction":"","dn":"topology/pod-1/node-1102/sys/eqptcapacity/fspartition-nxos:tmp","memAlert":"normal","modTs":"never","monPolDn":"uni/fabric/monfab-default","name":"nxos:tmp","path":"\/nxos\/tmp","status":"","used":"2928"}}},{"eqptcapacityFSPartition":{"attributes":{"avail":"51008","childAction":"","dn":"topology/pod-1/node-1102/sys/eqptcapacity/fspartition-var:log","memAlert":"normal","modTs":"never","monPolDn":"uni/fabric/monfab-default","name":"var:log","path":"\/var\/log","status":"","used":"192"}}},{"eqptcapacityFSPartition":{"attributes":{"avail":"5120","childAction":"","dn":"topology/pod-1/node-1102/sys/eqptcapacity/fspartition-var:home","memAlert":"normal","modTs":"never","monPolDn":"uni/fabric/monfab-default","name":"var:home","path":"\/var\/home","status":"","used":"0"}}},{"eqptcapacityFSPartition":{"attributes":{"avail":"1570660","childAction":"","dn":"topology/pod-1/node-1102/sys/eqptcapacity/fspartition-var:tmp","memAlert":"normal","modTs":"never","monPolDn":"uni/fabric/monfab-default","name":"var:tmp","path":"\/var\/tmp","status":"","used":"2204"}}},{"eqptcapacityFSPartition":{"attributes":{"avail":"187792","childAction":"","dn":"topology/pod-1/node-1102/sys/eqptcapacity/fspartition-nginx","memAlert":"normal","modTs":"never","monPolDn":"uni/fabric/monfab-default","name":"nginx","path":"\/nginx","status":"","used":"17008"}}},{"eqptcapacityFSPartition":{"attributes":{"avail":"4833588","childAction":"","dn":"topology/pod-1/node-1102/sys/eqptcapacity/fspartition-dev:shm","memAlert":"normal","modTs":"never","monPolDn":"uni/fabric/monfab-default","name":"dev:shm","path":"\/dev\/shm","status":"","used":"614092"}}},{"eqptcapacityFSPartition":{"attributes":{"avail":"512000","childAction":"","dn":"topology/pod-1/node-1102/sys/eqptcapacity/fspartition-volatile","memAlert":"normal","modTs":"never","monPolDn":"uni/fabric/monfab-default","name":"volatile","path":"\/volatile","status":"","used":"0"}}},{"eqptcapacityFSPartition":{"attributes":{"avail":"5112","childAction":"","dn":"topology/pod-1/node-1102/sys/eqptcapacity/fspartition-debug","memAlert":"normal","modTs":"never","monPolDn":"uni/fabric/monfab-default","name":"debug","path":"\/debug","status":"","used":"8"}}},{"eqptcapacityFSPartition":{"attributes":{"avail":"5890268","childAction":"","dn":"topology/pod-1/node-1102/sys/eqptcapacity/fspartition-bootflash","memAlert":"normal","modTs":"never","monPolDn":"uni/fabric/monfab-default","name":"bootflash","path":"\/bootflash","status":"","used":"5652108"}}},{"eqptcapacityFSPartition":{"attributes":{"avail":"3520776","childAction":"","dn":"topology/pod-1/node-1102/sys/eqptcapacity/fspartition-ifc:cfg","memAlert":"normal","modTs":"never","monPolDn":"uni/fabric/monfab-default","name":"ifc:cfg","path":"\/mnt\/ifc\/cfg","status":"","used":"6645552"}}},{"eqptcapacityFSPartition":{"attributes":{"avail":"100851","childAction":"","dn":"topology/pod-1/node-1102/sys/eqptcapacity/fspartition-pss","memAlert":"normal","modTs":"never","monPolDn":"uni/fabric/monfab-default","name":"pss","path":"\/mnt\/pss","status":"","used":"5752"}}},{"eqptcapacityFSPartition":{"attributes":{"avail":"9325804","childAction":"","dn":"topology/pod-1/node-1102/sys/eqptcapacity/fspartition-logflash","memAlert":"normal","modTs":"never","monPolDn":"uni/fabric/monfab-default","name":"logflash","path":"\/logflash","status":"","used":"1709208"}}},{"eqptcapacityFSPartition":{"attributes":{"avail":"4513764","childAction":"","dn":"topology/pod-1/node-1102/sys/eqptcapacity/fspartition-recovery","memAlert":"normal","modTs":"never","monPolDn":"uni/fabric/monfab-default","name":"recovery","path":"\/recovery","status":"","used":"672"}}},{"eqptcapacityFSPartition":{"attributes":{"avail":"13310044","childAction":"","dn":"topology/pod-1/node-1102/sys/eqptcapacity/fspartition-ifc:log","memAlert":"normal","modTs":"never","monPolDn":"uni/fabric/monfab-default","name":"ifc:log","path":"\/mnt\/ifc\/log","status":"","used":"1451968"}}},{"eqptcapacityFSPartition":{"attributes":{"avail":"285648","childAction":"","dn":"topology/pod-1/node-1102/sys/eqptcapacity/fspartition-tmp_logs:dme_logs","memAlert":"normal","modTs":"never","monPolDn":"uni/fabric/monfab-default","name":"tmp_logs:dme_logs","path":"\/run\/bashroot\/var\/log\/dme\/log\/dme_logs","status":"","used":"72752"}}},{"eqptcapacityFSPartition":{"attributes":{"avail":"268434944","childAction":"","dn":"topology/pod-1/node-1102/sys/eqptcapacity/fspartition-mts","memAlert":"normal","modTs":"never","monPolDn":"uni/fabric/monfab-default","name":"mts","path":"\/proc\/isan\/sw\/mts\/mem\/stats","status":"","used":"512"}}},{"eqptcapacityFSPartition":{"attributes":{"avail":"9325392","childAction":"","dn":"topology/pod-1/node-1102/sys/eqptcapacity/fspartition-lc:tmp_logs","memAlert":"normal","modTs":"never","monPolDn":"uni/fabric/monfab-default","name":"lc:tmp_logs","path":"lc-\/var\/sysmgr","status":"","used":"1709620"}}},{"eqptcapacityFSPartition":{"attributes":{"avail":"1358836","childAction":"","dn":"topology/pod-1/node-1101/sys/eqptcapacity/fspartition-root","memAlert":"normal","modTs":"never","monPolDn":"uni/fabric/monfab-default","name":"root","path":"\/","status":"","used":"1201164"}}},{"eqptcapacityFSPartition":{"attributes":{"avail":"478664","childAction":"","dn":"topology/pod-1/node-1101/sys/eqptcapacity/fspartition-var","memAlert":"normal","modTs":"never","monPolDn":"uni/fabric/monfab-default","name":"var","path":"\/var","status":"","used":"33336"}}},{"eqptcapacityFSPartition":{"attributes":{"avail":"47684","childAction":"","dn":"topology/pod-1/node-1101/sys/eqptcapacity/fspartition-etc","memAlert":"normal","modTs":"never","monPolDn":"uni/fabric/monfab-default","name":"etc","path":"\/etc","status":"","used":"3516"}}},{"eqptcapacityFSPartition":{"attributes":{"avail":"38016","childAction":"","dn":"topology/pod-1/node-1101/sys/eqptcapacity/fspartition-nxos:tmp","memAlert":"normal","modTs":"never","monPolDn":"uni/fabric/monfab-default","name":"nxos:tmp","path":"\/nxos\/tmp","status":"","used":"2944"}}},{"eqptcapacityFSPartition":{"attributes":{"avail":"51008","childAction":"","dn":"topology/pod-1/node-1101/sys/eqptcapacity/fspartition-var:log","memAlert":"normal","modTs":"never","monPolDn":"uni/fabric/monfab-default","name":"var:log","path":"\/var\/log","status":"","used":"192"}}},{"eqptcapacityFSPartition":{"attributes":{"avail":"5120","childAction":"","dn":"topology/pod-1/node-1101/sys/eqptcapacity/fspartition-var:home","memAlert":"normal","modTs":"never","monPolDn":"uni/fabric/monfab-default","name":"var:home","path":"\/var\/home","status":"","used":"0"}}},{"eqptcapacityFSPartition":{"attributes":{"avail":"1570668","childAction":"","dn":"topology/pod-1/node-1101/sys/eqptcapacity/fspartition-var:tmp","memAlert":"normal","modTs":"never","monPolDn":"uni/fabric/monfab-default","name":"var:tmp","path":"\/var\/tmp","status":"","used":"2196"}}},{"eqptcapacityFSPartition":{"attributes":{"avail":"187792","childAction":"","dn":"topology/pod-1/node-1101/sys/eqptcapacity/fspartition-nginx","memAlert":"normal","modTs":"never","monPolDn":"uni/fabric/monfab-default","name":"nginx","path":"\/nginx","status":"","used":"17008"}}},{"eqptcapacityFSPartition":{"attributes":{"avail":"4835292","childAction":"","dn":"topology/pod-1/node-1101/sys/eqptcapacity/fspartition-dev:shm","memAlert":"normal","modTs":"never","monPolDn":"uni/fabric/monfab-default","name":"dev:shm","path":"\/dev\/shm","status":"","used":"612388"}}},{"eqptcapacityFSPartition":{"attributes":{"avail":"512000","childAction":"","dn":"topology/pod-1/node-1101/sys/eqptcapacity/fspartition-volatile","memAlert":"normal","modTs":"never","monPolDn":"uni/fabric/monfab-default","name":"volatile","path":"\/volatile","status":"","used":"0"}}},{"eqptcapacityFSPartition":{"attributes":{"avail":"5112","childAction":"","dn":"topology/pod-1/node-1101/sys/eqptcapacity/fspartition-debug","memAlert":"normal","modTs":"never","monPolDn":"uni/fabric/monfab-default","name":"debug","path":"\/debug","status":"","used":"8"}}},{"eqptcapacityFSPartition":{"attributes":{"avail":"5879620","childAction":"","dn":"topology/pod-1/node-1101/sys/eqptcapacity/fspartition-bootflash","memAlert":"normal","modTs":"never","monPolDn":"uni/fabric/monfab-default","name":"bootflash","path":"\/bootflash","status":"","used":"5662756"}}},{"eqptcapacityFSPartition":{"attributes":{"avail":"3520792","childAction":"","dn":"topology/pod-1/node-1101/sys/eqptcapacity/fspartition-ifc:cfg","memAlert":"normal","modTs":"never","monPolDn":"uni/fabric/monfab-default","name":"ifc:cfg","path":"\/mnt\/ifc\/cfg","status":"","used":"6645536"}}},{"eqptcapacityFSPartition":{"attributes":{"avail":"94258","childAction":"","dn":"topology/pod-1/node-1101/sys/eqptcapacity/fspartition-pss","memAlert":"normal","modTs":"never","monPolDn":"uni/fabric/monfab-default","name":"pss","path":"\/mnt\/pss","status":"","used":"12345"}}},{"eqptcapacityFSPartition":{"attributes":{"avail":"9346932","childAction":"","dn":"topology/pod-1/node-1101/sys/eqptcapacity/fspartition-logflash","memAlert":"normal","modTs":"never","monPolDn":"uni/fabric/monfab-default","name":"logflash","path":"\/logflash","status":"","used":"1688080"}}},{"eqptcapacityFSPartition":{"attributes":{"avail":"4513832","childAction":"","dn":"topology/pod-1/node-1101/sys/eqptcapacity/fspartition-recovery","memAlert":"normal","modTs":"never","monPolDn":"uni/fabric/monfab-default","name":"recovery","path":"\/recovery","status":"","used":"604"}}},{"eqptcapacityFSPartition":{"attributes":{"avail":"13217020","childAction":"","dn":"topology/pod-1/node-1101/sys/eqptcapacity/fspartition-ifc:log","memAlert":"normal","modTs":"never","monPolDn":"uni/fabric/monfab-default","name":"ifc:log","path":"\/mnt\/ifc\/log","status":"","used":"1544992"}}},{"eqptcapacityFSPartition":{"attributes":{"avail":"286096","childAction":"","dn":"topology/pod-1/node-1101/sys/eqptcapacity/fspartition-tmp_logs:dme_logs","memAlert":"normal","modTs":"never","monPolDn":"uni/fabric/monfab-default","name":"tmp_logs:dme_logs","path":"\/run\/bashroot\/var\/log\/dme\/log\/dme_logs","status":"","used":"72304"}}},{"eqptcapacityFSPartition":{"attributes":{"avail":"268434944","childAction":"","dn":"topology/pod-1/node-1101/sys/eqptcapacity/fspartition-mts","memAlert":"normal","modTs":"never","monPolDn":"uni/fabric/monfab-default","name":"mts","path":"\/proc\/isan\/sw\/mts\/mem\/stats","status":"","used":"512"}}},{"eqptcapacityFSPartition":{"attributes":{"avail":"9348604","childAction":"","dn":"topology/pod-1/node-1101/sys/eqptcapacity/fspartition-lc:tmp_logs","memAlert":"normal","modTs":"never","monPolDn":"uni/fabric/monfab-default","name":"lc:tmp_logs","path":"lc-\/var\/sysmgr","status":"","used":"1686408"}}},{"eqptcapacityFSPartition":{"attributes":{"avail":"1532940","childAction":"","dn":"topology/pod-1/node-1201/sys/eqptcapacity/fspartition-root","memAlert":"normal","modTs":"never","monPolDn":"uni/fabric/monfab-default","name":"root","path":"\/","status":"","used":"1027060"}}},{"eqptcapacityFSPartition":{"attributes":{"avail":"478704","childAction":"","dn":"topology/pod-1/node-1201/sys/eqptcapacity/fspartition-var","memAlert":"normal","modTs":"never","monPolDn":"uni/fabric/monfab-default","name":"var","path":"\/var","status":"","used":"33296"}}},{"eqptcapacityFSPartition":{"attributes":{"avail":"47732","childAction":"","dn":"topology/pod-1/node-1201/sys/eqptcapacity/fspartition-etc","memAlert":"normal","modTs":"never","monPolDn":"uni/fabric/monfab-default","name":"etc","path":"\/etc","status":"","used":"3468"}}},{"eqptcapacityFSPartition":{"attributes":{"avail":"40832","childAction":"","dn":"topology/pod-1/node-1201/sys/eqptcapacity/fspartition-nxos:tmp","memAlert":"normal","modTs":"never","monPolDn":"uni/fabric/monfab-default","name":"nxos:tmp","path":"\/nxos\/tmp","status":"","used":"128"}}},{"eqptcapacityFSPartition":{"attributes":{"avail":"51056","childAction":"","dn":"topology/pod-1/node-1201/sys/eqptcapacity/fspartition-var:log","memAlert":"normal","modTs":"never","monPolDn":"uni/fabric/monfab-default","name":"var:log","path":"\/var\/log","status":"","used":"144"}}},{"eqptcapacityFSPartition":{"attributes":{"avail":"5120","childAction":"","dn":"topology/pod-1/node-1201/sys/eqptcapacity/fspartition-var:home","memAlert":"normal","modTs":"never","monPolDn":"uni/fabric/monfab-default","name":"var:home","path":"\/var\/home","status":"","used":"0"}}},{"eqptcapacityFSPartition":{"attributes":{"avail":"1570820","childAction":"","dn":"topology/pod-1/node-1201/sys/eqptcapacity/fspartition-var:tmp","memAlert":"normal","modTs":"never","monPolDn":"uni/fabric/monfab-default","name":"var:tmp","path":"\/var\/tmp","status":"","used":"2044"}}},{"eqptcapacityFSPartition":{"attributes":{"avail":"187852","childAction":"","dn":"topology/pod-1/node-1201/sys/eqptcapacity/fspartition-nginx","memAlert":"normal","modTs":"never","monPolDn":"uni/fabric/monfab-default","name":"nginx","path":"\/nginx","status":"","used":"16948"}}},{"eqptcapacityFSPartition":{"attributes":{"avail":"2623916","childAction":"","dn":"topology/pod-1/node-1201/sys/eqptcapacity/fspartition-dev:shm","memAlert":"normal","modTs":"never","monPolDn":"uni/fabric/monfab-default","name":"dev:shm","path":"\/dev\/shm","status":"","used":"521812"}}},{"eqptcapacityFSPartition":{"attributes":{"avail":"512000","childAction":"","dn":"topology/pod-1/node-1201/sys/eqptcapacity/fspartition-volatile","memAlert":"normal","modTs":"never","monPolDn":"uni/fabric/monfab-default","name":"volatile","path":"\/volatile","status":"","used":"0"}}},{"eqptcapacityFSPartition":{"attributes":{"avail":"5112","childAction":"","dn":"topology/pod-1/node-1201/sys/eqptcapacity/fspartition-debug","memAlert":"normal","modTs":"never","monPolDn":"uni/fabric/monfab-default","name":"debug","path":"\/debug","status":"","used":"8"}}},{"eqptcapacityFSPartition":{"attributes":{"avail":"5043548","childAction":"","dn":"topology/pod-1/node-1201/sys/eqptcapacity/fspartition-bootflash","memAlert":"normal","modTs":"never","monPolDn":"uni/fabric/monfab-default","name":"bootflash","path":"\/bootflash","status":"","used":"5932568"}}},{"eqptcapacityFSPartition":{"attributes":{"avail":"4223484","childAction":"","dn":"topology/pod-1/node-1201/sys/eqptcapacity/fspartition-ifc:cfg","memAlert":"normal","modTs":"never","monPolDn":"uni/fabric/monfab-default","name":"ifc:cfg","path":"\/mnt\/ifc\/cfg","status":"","used":"5969684"}}},{"eqptcapacityFSPartition":{"attributes":{"avail":"65138","childAction":"","dn":"topology/pod-1/node-1201/sys/eqptcapacity/fspartition-pss","memAlert":"normal","modTs":"never","monPolDn":"uni/fabric/monfab-default","name":"pss","path":"\/mnt\/pss","status":"","used":"43001"}}},{"eqptcapacityFSPartition":{"attributes":{"avail":"9648216","childAction":"","dn":"topology/pod-1/node-1201/sys/eqptcapacity/fspartition-logflash","memAlert":"normal","modTs":"never","monPolDn":"uni/fabric/monfab-default","name":"logflash","path":"\/logflash","status":"","used":"1416076"}}},{"eqptcapacityFSPartition":{"attributes":{"avail":"2486612","childAction":"","dn":"topology/pod-1/node-1201/sys/eqptcapacity/fspartition-recovery","memAlert":"normal","modTs":"never","monPolDn":"uni/fabric/monfab-default","name":"recovery","path":"\/recovery","status":"","used":"2037584"}}},{"eqptcapacityFSPartition":{"attributes":{"avail":"13454180","childAction":"","dn":"topology/pod-1/node-1201/sys/eqptcapacity/fspartition-ifc:log","memAlert":"normal","modTs":"never","monPolDn":"uni/fabric/monfab-default","name":"ifc:log","path":"\/mnt\/ifc\/log","status":"","used":"1346872"}}},{"eqptcapacityFSPartition":{"attributes":{"avail":"295676","childAction":"","dn":"topology/pod-1/node-1201/sys/eqptcapacity/fspartition-tmp_logs:dme_logs","memAlert":"normal","modTs":"never","monPolDn":"uni/fabric/monfab-default","name":"tmp_logs:dme_logs","path":"\/run\/bashroot\/var\/log\/dme\/log\/dme_logs","status":"","used":"62724"}}},{"eqptcapacityFSPartition":{"attributes":{"avail":"268435456","childAction":"","dn":"topology/pod-1/node-1201/sys/eqptcapacity/fspartition-mts","memAlert":"normal","modTs":"never","monPolDn":"uni/fabric/monfab-default","name":"mts","path":"\/proc\/isan\/sw\/mts\/mem\/stats","status":"","used":"0"}}},{"eqptcapacityFSPartition":{"attributes":{"avail":"9648156","childAction":"","dn":"topology/pod-1/node-1201/sys/eqptcapacity/fspartition-lc:tmp_logs","memAlert":"normal","modTs":"never","monPolDn":"uni/fabric/monfab-default","name":"lc:tmp_logs","path":"lc-\/var\/sysmgr","status":"","used":"1416136"}}}]}