{"totalCount":"3","imdata":[{"eqptcapacityL3TotalUsageCap5min":{"attributes":{"childAction":"","cnt":"1","dn":"topology/pod-1/node-1102/sys/eqptcapacity/CDeqptcapacityL3TotalUsageCap5min","lastCollOffset":"9","modTs":"never","repIntvEnd":"2023-07-25T23:50:02.704+00:00","repIntvStart":"2023-07-25T23:49:52.718+00:00","status":"","v4TotalEpCapAvg":"65536","v4TotalEpCapLast":"65536","v4TotalEpCapMax":"65536","v4TotalEpCapMin":"65536","v4TotalEpCapSpct":"0","v4TotalEpCapThr":"","v4TotalEpCapTr":"0","v4TotalEpCapTrBase":"65536","v4TotalEpCapTtl":"65536","v6TotalEpCapAvg":"24576","v6TotalEpCapLast":"24576","v6TotalEpCapMax":"24576","v6TotalEpCapMin":"24576","v6TotalEpCapSpct":"0","v6TotalEpCapThr":"","v6TotalEpCapTr":"0","v6TotalEpCapTrBase":"24576","v6TotalEpCapTtl":"24576"}}},{"eqptcapacityL3TotalUsageCap5min":{"attributes":{"childAction":"","cnt":"5","dn":"topology/pod-1/node-1101/sys/eqptcapacity/CDeqptcapacityL3TotalUsageCap5min","lastCollOffset":"50","modTs":"never","repIntvEnd":"2023-07-25T23:50:48.406+00:00","repIntvStart":"2023-07-25T23:49:58.403+00:00","status":"","v4TotalEpCapAvg":"65536","v4TotalEpCapLast":"65536","v4TotalEpCapMax":"65536","v4TotalEpCapMin":"65536","v4TotalEpCapSpct":"0","v4TotalEpCapThr":"","v4TotalEpCapTr":"0","v4TotalEpCapTrBase":"65536","v4TotalEpCapTtl":"327680","v6TotalEpCapAvg":"24576","v6TotalEpCapLast":"24576","v6TotalEpCapMax":"24576","v6TotalEpCapMin":"24576","v6TotalEpCapSpct":"0","v6TotalEpCapThr":"","v6TotalEpCapTr":"0","v6TotalEpCapTrBase":"24576","v6TotalEpCapTtl":"122880"}}},{"eqptcapacityL3TotalUsageCap5min":{"attributes":{"childAction":"","cnt":"22","dn":"topology/pod-1/node-1201/sys/eqptcapacity/CDeqptcapacityL3TotalUsageCap5min","lastCollOffset":"110","modTs":"never","repIntvEnd":"2023-07-25T23:41:35.559+00:00","repIntvStart":"2023-07-25T23:39:45.548+00:00","status":"","v4TotalEpCapAvg":"0","v4TotalEpCapLast":"0","v4TotalEpCapMax":"0","v4TotalEpCapMin":"0","v4TotalEpCapSpct":"0","v4TotalEpCapThr":"","v4TotalEpCapTr":"0","v4TotalEpCapTrBase":"0","v4TotalEpCapTtl":"0","v6TotalEpCapAvg":"0","v6TotalEpCapLast":"0","v6TotalEpCapMax":"0","v6TotalEpCapMin":"0","v6TotalEpCapSpct":"0","v6TotalEpCapThr":"","v6TotalEpCapTr":"0","v6TotalEpCapTrBase":"0","v6TotalEpCapTtl":"0"}}}]}