{"totalCount":"86","imdata":[{"eqptStorage":{"attributes":{"available":"675454996","blocks":"738792296","capUtilized":"4","childAction":"","device":"","dn":"topology/pod-1/node-1/sys/ch/p-[/data2/third-party/containers/lib/storage/overlay/813ff401175826ba151bcd07b877c0a8663d1838028d414f9685557e7cc209a1/merged]-f-[overlay]","failReason":"","fileSystem":"overlay","firmwareVersion":"","inodesFree":"46528972","inodesTotal":"46923776","inodesUsed":"394804","inodesUtilized":"1","lcOwn":"local","mediaWearout":"100","modTs":"2023-07-25T23:48:52.320+00:00","model":"","monPolDn":"uni/fabric/monfab-default","mount":"/data2/third-party/containers/lib/storage/overlay/813ff401175826ba151bcd07b877c0a8663d1838028d414f9685557e7cc209a1/merged","name":"/data2/third-party/containers/lib/storage/overlay/813ff401175826ba151bcd07b877c0a8663d1838028d414f9685557e7cc209a1/merged","nameAlias":"","operSt":"ok","serial":"","status":"","used":"25781896"}}},{"eqptStorage":{"attributes":{"available":"64000","blocks":"64000","capUtilized":"0","childAction":"","device":"","dn":"topology/pod-1/node-1/sys/ch/p-[/data2/third-party/containers/lib/storage/overlay-containers/273706ae346ccdcb919812971e3106a7df7ab0a991cabecc9c81545598db3cfe/userdata/shm]-f-[shm]","failReason":"","fileSystem":"shm","firmwareVersion":"","inodesFree":"16455292","inodesTotal":"16455293","inodesUsed":"1","inodesUtilized":"1","lcOwn":"local","mediaWearout":"100","modTs":"2023-07-14T15:46:11.351+00:00","model":"","monPolDn":"uni/fabric/monfab-default","mount":"/data2/third-party/containers/lib/storage/overlay-containers/273706ae346ccdcb919812971e3106a7df7ab0a991cabecc9c81545598db3cfe/userdata/shm","name":"/data2/third-party/containers/lib/storage/overlay-containers/273706ae346ccdcb919812971e3106a7df7ab0a991cabecc9c81545598db3cfe/userdata/shm","nameAlias":"","operSt":"ok","serial":"","status":"","used":"unspecified"}}},{"eqptStorage":{"attributes":{"available":"64000","blocks":"64000","capUtilized":"0","childAction":"","device":"","dn":"topology/pod-1/node-1/sys/ch/p-[/data2/third-party/containers/lib/storage/overlay-containers/fa47ced23404a915a9a2190c6025dfd167513e7bc868789d82feb6adebf83fa6/userdata/shm]-f-[shm]","failReason":"","fileSystem":"shm","firmwareVersion":"","inodesFree":"16455292","inodesTotal":"16455293","inodesUsed":"1","inodesUtilized":"1","lcOwn":"local","mediaWearout":"100","modTs":"2023-07-14T15:48:15.231+00:00","model":"","monPolDn":"uni/fabric/monfab-default","mount":"/data2/third-party/containers/lib/storage/overlay-containers/fa47ced23404a915a9a2190c6025dfd167513e7bc868789d82feb6adebf83fa6/userdata/shm","name":"/data2/third-party/containers/lib/storage/overlay-containers/fa47ced23404a915a9a2190c6025dfd167513e7bc868789d82feb6adebf83fa6/userdata/shm","nameAlias":"","operSt":"ok","serial":"","status":"","used":"unspecified"}}},{"eqptStorage":{"attributes":{"available":"675454996","blocks":"738792296","capUtilized":"4","childAction":"","device":"","dn":"topology/pod-1/node-1/sys/ch/p-[/data2/third-party/containers/lib/storage/overlay/d7a1dd9f9200fdecdc32221b619d944cb6a44617bdc784edd3fd0dc390036761/merged]-f-[overlay]","failReason":"","fileSystem":"overlay","firmwareVersion":"","inodesFree":"46528972","inodesTotal":"46923776","inodesUsed":"394804","inodesUtilized":"1","lcOwn":"local","mediaWearout":"100","modTs":"2023-07-25T23:48:52.320+00:00","model":"","monPolDn":"uni/fabric/monfab-default","mount":"/data2/third-party/containers/lib/storage/overlay/d7a1dd9f9200fdecdc32221b619d944cb6a44617bdc784edd3fd0dc390036761/merged","name":"/data2/third-party/containers/lib/storage/overlay/d7a1dd9f9200fdecdc32221b619d944cb6a44617bdc784edd3fd0dc390036761/merged","nameAlias":"","operSt":"ok","serial":"","status":"","used":"25781896"}}},{"eqptStorage":{"attributes":{"available":"64000","blocks":"64000","capUtilized":"0","childAction":"","device":"","dn":"topology/pod-1/node-1/sys/ch/p-[/data2/third-party/containers/lib/storage/overlay-containers/93d0c12fabc5f0749a969083fbc281301ecacd2fa5bc9ce899de0e54f2d2c867/userdata/shm]-f-[shm]","failReason":"","fileSystem":"shm","firmwareVersion":"","inodesFree":"16455292","inodesTotal":"16455293","inodesUsed":"1","inodesUtilized":"1","lcOwn":"local","mediaWearout":"100","modTs":"2023-07-14T15:49:10.078+00:00","model":"","monPolDn":"uni/fabric/monfab-default","mount":"/data2/third-party/containers/lib/storage/overlay-containers/93d0c12fabc5f0749a969083fbc281301ecacd2fa5bc9ce899de0e54f2d2c867/userdata/shm","name":"/data2/third-party/containers/lib/storage/overlay-containers/93d0c12fabc5f0749a969083fbc281301ecacd2fa5bc9ce899de0e54f2d2c867/userdata/shm","nameAlias":"","operSt":"ok","serial":"","status":"","used":"unspecified"}}},{"eqptStorage":{"attributes":{"available":"675454996","blocks":"738792296","capUtilized":"4","childAction":"","device":"","dn":"topology/pod-1/node-1/sys/ch/p-[/data2/third-party/containers/lib/storage/overlay/50f106a3b5225bb3df8c421ded80c024ed5a3625546abcb3156c387c9cfb3237/merged]-f-[overlay]","failReason":"","fileSystem":"overlay","firmwareVersion":"","inodesFree":"46528972","inodesTotal":"46923776","inodesUsed":"394804","inodesUtilized":"1","lcOwn":"local","mediaWearout":"100","modTs":"2023-07-25T23:48:52.320+00:00","model":"","monPolDn":"uni/fabric/monfab-default","mount":"/data2/third-party/containers/lib/storage/overlay/50f106a3b5225bb3df8c421ded80c024ed5a3625546abcb3156c387c9cfb3237/merged","name":"/data2/third-party/containers/lib/storage/overlay/50f106a3b5225bb3df8c421ded80c024ed5a3625546abcb3156c387c9cfb3237/merged","nameAlias":"","operSt":"ok","serial":"","status":"","used":"25781896"}}},{"eqptStorage":{"attributes":{"available":"675454996","blocks":"738792296","capUtilized":"4","childAction":"","device":"","dn":"topology/pod-1/node-1/sys/ch/p-[/data2/third-party/containers/lib/storage/overlay/48a62677fb327351fedefe15bc54c2cc8ce061b0cca57769c6eb199a14e3c03b/merged]-f-[overlay]","failReason":"","fileSystem":"overlay","firmwareVersion":"","inodesFree":"46528972","inodesTotal":"46923776","inodesUsed":"394804","inodesUtilized":"1","lcOwn":"local","mediaWearout":"100","modTs":"2023-07-25T23:48:52.320+00:00","model":"","monPolDn":"uni/fabric/monfab-default","mount":"/data2/third-party/containers/lib/storage/overlay/48a62677fb327351fedefe15bc54c2cc8ce061b0cca57769c6eb199a14e3c03b/merged","name":"/data2/third-party/containers/lib/storage/overlay/48a62677fb327351fedefe15bc54c2cc8ce061b0cca57769c6eb199a14e3c03b/merged","nameAlias":"","operSt":"ok","serial":"","status":"","used":"25781896"}}},{"eqptStorage":{"attributes":{"available":"675454996","blocks":"738792296","capUtilized":"4","childAction":"","device":"","dn":"topology/pod-1/node-1/sys/ch/p-[/data2/third-party/containers/lib/storage/overlay/ec49f8c7b13b8a7da17ef8c97603935ae6380cde28fdf388825a6daadc31bbf7/merged]-f-[overlay]","failReason":"","fileSystem":"overlay","firmwareVersion":"","inodesFree":"46528972","inodesTotal":"46923776","inodesUsed":"394804","inodesUtilized":"1","lcOwn":"local","mediaWearout":"100","modTs":"2023-07-25T23:48:52.320+00:00","model":"","monPolDn":"uni/fabric/monfab-default","mount":"/data2/third-party/containers/lib/storage/overlay/ec49f8c7b13b8a7da17ef8c97603935ae6380cde28fdf388825a6daadc31bbf7/merged","name":"/data2/third-party/containers/lib/storage/overlay/ec49f8c7b13b8a7da17ef8c97603935ae6380cde28fdf388825a6daadc31bbf7/merged","nameAlias":"","operSt":"ok","serial":"","status":"","used":"25781896"}}},{"eqptStorage":{"attributes":{"available":"64000","blocks":"64000","capUtilized":"0","childAction":"","device":"","dn":"topology/pod-1/node-1/sys/ch/p-[/data2/third-party/containers/lib/storage/overlay-containers/e573d0f851a2680904ee7790b72be8e4b9c5bc6895c5a58e1f2cdc51ff434e44/userdata/shm]-f-[shm]","failReason":"","fileSystem":"shm","firmwareVersion":"","inodesFree":"16455292","inodesTotal":"16455293","inodesUsed":"1","inodesUtilized":"1","lcOwn":"local","mediaWearout":"100","modTs":"2023-07-14T15:49:10.078+00:00","model":"","monPolDn":"uni/fabric/monfab-default","mount":"/data2/third-party/containers/lib/storage/overlay-containers/e573d0f851a2680904ee7790b72be8e4b9c5bc6895c5a58e1f2cdc51ff434e44/userdata/shm","name":"/data2/third-party/containers/lib/storage/overlay-containers/e573d0f851a2680904ee7790b72be8e4b9c5bc6895c5a58e1f2cdc51ff434e44/userdata/shm","nameAlias":"","operSt":"ok","serial":"","status":"","used":"unspecified"}}},{"eqptStorage":{"attributes":{"available":"675454996","blocks":"738792296","capUtilized":"4","childAction":"","device":"","dn":"topology/pod-1/node-1/sys/ch/p-[/data2/third-party/containers/lib/storage/overlay/95119e5dda83b179663247933f91b03e9b6fb7a627c1d6bfbc4ca222dbea345a/merged]-f-[overlay]","failReason":"","fileSystem":"overlay","firmwareVersion":"","inodesFree":"46528972","inodesTotal":"46923776","inodesUsed":"394804","inodesUtilized":"1","lcOwn":"local","mediaWearout":"100","modTs":"2023-07-25T23:48:52.320+00:00","model":"","monPolDn":"uni/fabric/monfab-default","mount":"/data2/third-party/containers/lib/storage/overlay/95119e5dda83b179663247933f91b03e9b6fb7a627c1d6bfbc4ca222dbea345a/merged","name":"/data2/third-party/containers/lib/storage/overlay/95119e5dda83b179663247933f91b03e9b6fb7a627c1d6bfbc4ca222dbea345a/merged","nameAlias":"","operSt":"ok","serial":"","status":"","used":"25781896"}}},{"eqptStorage":{"attributes":{"available":"64000","blocks":"64000","capUtilized":"0","childAction":"","device":"","dn":"topology/pod-1/node-1/sys/ch/p-[/data2/third-party/containers/lib/storage/overlay-containers/11a1d43cd7951e59a0a928466417c888ea5e1ab73c73d49729781e9a669def63/userdata/shm]-f-[shm]","failReason":"","fileSystem":"shm","firmwareVersion":"","inodesFree":"16455292","inodesTotal":"16455293","inodesUsed":"1","inodesUtilized":"1","lcOwn":"local","mediaWearout":"100","modTs":"2023-07-14T15:49:10.078+00:00","model":"","monPolDn":"uni/fabric/monfab-default","mount":"/data2/third-party/containers/lib/storage/overlay-containers/11a1d43cd7951e59a0a928466417c888ea5e1ab73c73d49729781e9a669def63/userdata/shm","name":"/data2/third-party/containers/lib/storage/overlay-containers/11a1d43cd7951e59a0a928466417c888ea5e1ab73c73d49729781e9a669def63/userdata/shm","nameAlias":"","operSt":"ok","serial":"","status":"","used":"unspecified"}}},{"eqptStorage":{"attributes":{"available":"64000","blocks":"64000","capUtilized":"0","childAction":"","device":"","dn":"topology/pod-1/node-1/sys/ch/p-[/data2/third-party/containers/lib/storage/overlay-containers/6e476088bbcb318da03d17e3c7f7c55f2cd0e216a76ae9c928c6529bb002f62c/userdata/shm]-f-[shm]","failReason":"","fileSystem":"shm","firmwareVersion":"","inodesFree":"16455292","inodesTotal":"16455293","inodesUsed":"1","inodesUtilized":"1","lcOwn":"local","mediaWearout":"100","modTs":"2023-07-14T15:49:10.078+00:00","model":"","monPolDn":"uni/fabric/monfab-default","mount":"/data2/third-party/containers/lib/storage/overlay-containers/6e476088bbcb318da03d17e3c7f7c55f2cd0e216a76ae9c928c6529bb002f62c/userdata/shm","name":"/data2/third-party/containers/lib/storage/overlay-containers/6e476088bbcb318da03d17e3c7f7c55f2cd0e216a76ae9c928c6529bb002f62c/userdata/shm","nameAlias":"","operSt":"ok","serial":"","status":"","used":"unspecified"}}},{"eqptStorage":{"attributes":{"available":"64000","blocks":"64000","capUtilized":"0","childAction":"","device":"","dn":"topology/pod-1/node-1/sys/ch/p-[/data2/third-party/containers/lib/storage/overlay-containers/33091178dcc4fe3c3869ebd92bf1f57e8a8da9c260a166bd67b347e31706ae01/userdata/shm]-f-[shm]","failReason":"","fileSystem":"shm","firmwareVersion":"","inodesFree":"16455292","inodesTotal":"16455293","inodesUsed":"1","inodesUtilized":"1","lcOwn":"local","mediaWearout":"100","modTs":"2023-07-14T15:50:10.528+00:00","model":"","monPolDn":"uni/fabric/monfab-default","mount":"/data2/third-party/containers/lib/storage/overlay-containers/33091178dcc4fe3c3869ebd92bf1f57e8a8da9c260a166bd67b347e31706ae01/userdata/shm","name":"/data2/third-party/containers/lib/storage/overlay-containers/33091178dcc4fe3c3869ebd92bf1f57e8a8da9c260a166bd67b347e31706ae01/userdata/shm","nameAlias":"","operSt":"ok","serial":"","status":"","used":"unspecified"}}},{"eqptStorage":{"attributes":{"available":"675454996","blocks":"738792296","capUtilized":"4","childAction":"","device":"","dn":"topology/pod-1/node-1/sys/ch/p-[/data2/third-party/containers/lib/storage/overlay/7a73a174aa5d740f5ecdc62c155a5bffa5c0e7a5829c548c292b73e3adc5cc0e/merged]-f-[overlay]","failReason":"","fileSystem":"overlay","firmwareVersion":"","inodesFree":"46528972","inodesTotal":"46923776","inodesUsed":"394804","inodesUtilized":"1","lcOwn":"local","mediaWearout":"100","modTs":"2023-07-25T23:48:52.320+00:00","model":"","monPolDn":"uni/fabric/monfab-default","mount":"/data2/third-party/containers/lib/storage/overlay/7a73a174aa5d740f5ecdc62c155a5bffa5c0e7a5829c548c292b73e3adc5cc0e/merged","name":"/data2/third-party/containers/lib/storage/overlay/7a73a174aa5d740f5ecdc62c155a5bffa5c0e7a5829c548c292b73e3adc5cc0e/merged","nameAlias":"","operSt":"ok","serial":"","status":"","used":"25781896"}}},{"eqptStorage":{"attributes":{"available":"64000","blocks":"64000","capUtilized":"0","childAction":"","device":"","dn":"topology/pod-1/node-1/sys/ch/p-[/data2/third-party/containers/lib/storage/overlay-containers/7708774e27ad68a260820ee61750c4c60ef9b086027fbd2c58fb92d09899229a/userdata/shm]-f-[shm]","failReason":"","fileSystem":"shm","firmwareVersion":"","inodesFree":"16455292","inodesTotal":"16455293","inodesUsed":"1","inodesUtilized":"1","lcOwn":"local","mediaWearout":"100","modTs":"2023-07-14T15:50:10.528+00:00","model":"","monPolDn":"uni/fabric/monfab-default","mount":"/data2/third-party/containers/lib/storage/overlay-containers/7708774e27ad68a260820ee61750c4c60ef9b086027fbd2c58fb92d09899229a/userdata/shm","name":"/data2/third-party/containers/lib/storage/overlay-containers/7708774e27ad68a260820ee61750c4c60ef9b086027fbd2c58fb92d09899229a/userdata/shm","nameAlias":"","operSt":"ok","serial":"","status":"","used":"unspecified"}}},{"eqptStorage":{"attributes":{"available":"675454996","blocks":"738792296","capUtilized":"4","childAction":"","device":"","dn":"topology/pod-1/node-1/sys/ch/p-[/data2/third-party/containers/lib/storage/overlay/f087ed057577cd4974fbab3c233d815315d81fe5f9e75f1467e83c92162246e1/merged]-f-[overlay]","failReason":"","fileSystem":"overlay","firmwareVersion":"","inodesFree":"46528972","inodesTotal":"46923776","inodesUsed":"394804","inodesUtilized":"1","lcOwn":"local","mediaWearout":"100","modTs":"2023-07-25T23:48:52.320+00:00","model":"","monPolDn":"uni/fabric/monfab-default","mount":"/data2/third-party/containers/lib/storage/overlay/f087ed057577cd4974fbab3c233d815315d81fe5f9e75f1467e83c92162246e1/merged","name":"/data2/third-party/containers/lib/storage/overlay/f087ed057577cd4974fbab3c233d815315d81fe5f9e75f1467e83c92162246e1/merged","nameAlias":"","operSt":"ok","serial":"","status":"","used":"25781896"}}},{"eqptStorage":{"attributes":{"available":"675454996","blocks":"738792296","capUtilized":"4","childAction":"","device":"","dn":"topology/pod-1/node-1/sys/ch/p-[/data2/third-party/containers/lib/storage/overlay/533ce36a47543da030c608cb38015267fc3f84fc34f0bca4487feea7ae2a5c20/merged]-f-[overlay]","failReason":"","fileSystem":"overlay","firmwareVersion":"","inodesFree":"46528972","inodesTotal":"46923776","inodesUsed":"394804","inodesUtilized":"1","lcOwn":"local","mediaWearout":"100","modTs":"2023-07-25T23:48:52.320+00:00","model":"","monPolDn":"uni/fabric/monfab-default","mount":"/data2/third-party/containers/lib/storage/overlay/533ce36a47543da030c608cb38015267fc3f84fc34f0bca4487feea7ae2a5c20/merged","name":"/data2/third-party/containers/lib/storage/overlay/533ce36a47543da030c608cb38015267fc3f84fc34f0bca4487feea7ae2a5c20/merged","nameAlias":"","operSt":"ok","serial":"","status":"","used":"25781896"}}},{"eqptStorage":{"attributes":{"available":"64000","blocks":"64000","capUtilized":"0","childAction":"","device":"","dn":"topology/pod-1/node-1/sys/ch/p-[/data2/third-party/containers/lib/storage/overlay-containers/9fc947c951637b5369cce77a158bc92aa9950e0ba92d9386660c33d47bee5753/userdata/shm]-f-[shm]","failReason":"","fileSystem":"shm","firmwareVersion":"","inodesFree":"16455292","inodesTotal":"16455293","inodesUsed":"1","inodesUtilized":"1","lcOwn":"local","mediaWearout":"100","modTs":"2023-07-14T15:50:10.528+00:00","model":"","monPolDn":"uni/fabric/monfab-default","mount":"/data2/third-party/containers/lib/storage/overlay-containers/9fc947c951637b5369cce77a158bc92aa9950e0ba92d9386660c33d47bee5753/userdata/shm","name":"/data2/third-party/containers/lib/storage/overlay-containers/9fc947c951637b5369cce77a158bc92aa9950e0ba92d9386660c33d47bee5753/userdata/shm","nameAlias":"","operSt":"ok","serial":"","status":"","used":"unspecified"}}},{"eqptStorage":{"attributes":{"available":"675454996","blocks":"738792296","capUtilized":"4","childAction":"","device":"","dn":"topology/pod-1/node-1/sys/ch/p-[/data2/third-party/containers/lib/storage/overlay/885a35bbc0d6bd738a1d71bbee29343771f3af9b9e4b479a10450b0c681c49e5/merged]-f-[overlay]","failReason":"","fileSystem":"overlay","firmwareVersion":"","inodesFree":"46528972","inodesTotal":"46923776","inodesUsed":"394804","inodesUtilized":"1","lcOwn":"local","mediaWearout":"100","modTs":"2023-07-25T23:48:52.320+00:00","model":"","monPolDn":"uni/fabric/monfab-default","mount":"/data2/third-party/containers/lib/storage/overlay/885a35bbc0d6bd738a1d71bbee29343771f3af9b9e4b479a10450b0c681c49e5/merged","name":"/data2/third-party/containers/lib/storage/overlay/885a35bbc0d6bd738a1d71bbee29343771f3af9b9e4b479a10450b0c681c49e5/merged","nameAlias":"","operSt":"ok","serial":"","status":"","used":"25781896"}}},{"eqptStorage":{"attributes":{"available":"64000","blocks":"64000","capUtilized":"0","childAction":"","device":"","dn":"topology/pod-1/node-1/sys/ch/p-[/data2/third-party/containers/lib/storage/overlay-containers/ff0de279f688fae786968fb2133f0aa6120234f8b25ccae1a7f57b23c11d28d9/userdata/shm]-f-[shm]","failReason":"","fileSystem":"shm","firmwareVersion":"","inodesFree":"16455292","inodesTotal":"16455293","inodesUsed":"1","inodesUtilized":"1","lcOwn":"local","mediaWearout":"100","modTs":"2023-07-14T15:51:10.418+00:00","model":"","monPolDn":"uni/fabric/monfab-default","mount":"/data2/third-party/containers/lib/storage/overlay-containers/ff0de279f688fae786968fb2133f0aa6120234f8b25ccae1a7f57b23c11d28d9/userdata/shm","name":"/data2/third-party/containers/lib/storage/overlay-containers/ff0de279f688fae786968fb2133f0aa6120234f8b25ccae1a7f57b23c11d28d9/userdata/shm","nameAlias":"","operSt":"ok","serial":"","status":"","used":"unspecified"}}},{"eqptStorage":{"attributes":{"available":"675454996","blocks":"738792296","capUtilized":"4","childAction":"","device":"","dn":"topology/pod-1/node-1/sys/ch/p-[/data2/third-party/containers/lib/storage/overlay/69e9f1c8ecf545c6a3052bbba289e8a50d40eca124a84f332c914a218d5e2618/merged]-f-[overlay]","failReason":"","fileSystem":"overlay","firmwareVersion":"","inodesFree":"46528972","inodesTotal":"46923776","inodesUsed":"394804","inodesUtilized":"1","lcOwn":"local","mediaWearout":"100","modTs":"2023-07-25T23:48:52.320+00:00","model":"","monPolDn":"uni/fabric/monfab-default","mount":"/data2/third-party/containers/lib/storage/overlay/69e9f1c8ecf545c6a3052bbba289e8a50d40eca124a84f332c914a218d5e2618/merged","name":"/data2/third-party/containers/lib/storage/overlay/69e9f1c8ecf545c6a3052bbba289e8a50d40eca124a84f332c914a218d5e2618/merged","nameAlias":"","operSt":"ok","serial":"","status":"","used":"25781896"}}},{"eqptStorage":{"attributes":{"available":"64000","blocks":"64000","capUtilized":"0","childAction":"","device":"","dn":"topology/pod-1/node-1/sys/ch/p-[/data2/third-party/containers/lib/storage/overlay-containers/7d881f42d36fc6d6ad9c3ea3ff8fea458140bbfce32c3e22da252c76881c6107/userdata/shm]-f-[shm]","failReason":"","fileSystem":"shm","firmwareVersion":"","inodesFree":"16455292","inodesTotal":"16455293","inodesUsed":"1","inodesUtilized":"1","lcOwn":"local","mediaWearout":"100","modTs":"2023-07-14T15:52:30.103+00:00","model":"","monPolDn":"uni/fabric/monfab-default","mount":"/data2/third-party/containers/lib/storage/overlay-containers/7d881f42d36fc6d6ad9c3ea3ff8fea458140bbfce32c3e22da252c76881c6107/userdata/shm","name":"/data2/third-party/containers/lib/storage/overlay-containers/7d881f42d36fc6d6ad9c3ea3ff8fea458140bbfce32c3e22da252c76881c6107/userdata/shm","nameAlias":"","operSt":"ok","serial":"","status":"","used":"unspecified"}}},{"eqptStorage":{"attributes":{"available":"675454996","blocks":"738792296","capUtilized":"4","childAction":"","device":"","dn":"topology/pod-1/node-1/sys/ch/p-[/data2/third-party/containers/lib/storage/overlay/1180c176a11b422e6d2b4f0b73aa24379b2b4a235365a4de29215678d2959502/merged]-f-[overlay]","failReason":"","fileSystem":"overlay","firmwareVersion":"","inodesFree":"46528972","inodesTotal":"46923776","inodesUsed":"394804","inodesUtilized":"1","lcOwn":"local","mediaWearout":"100","modTs":"2023-07-25T23:48:52.320+00:00","model":"","monPolDn":"uni/fabric/monfab-default","mount":"/data2/third-party/containers/lib/storage/overlay/1180c176a11b422e6d2b4f0b73aa24379b2b4a235365a4de29215678d2959502/merged","name":"/data2/third-party/containers/lib/storage/overlay/1180c176a11b422e6d2b4f0b73aa24379b2b4a235365a4de29215678d2959502/merged","nameAlias":"","operSt":"ok","serial":"","status":"","used":"25781896"}}},{"eqptStorage":{"attributes":{"available":"64000","blocks":"64000","capUtilized":"0","childAction":"","device":"","dn":"topology/pod-1/node-1/sys/ch/p-[/data2/third-party/containers/lib/storage/overlay-containers/85115c7fcdf38cbdbc56e1490c19cf1781ebbf09dd2833f0feb81301ca0507ab/userdata/shm]-f-[shm]","failReason":"","fileSystem":"shm","firmwareVersion":"","inodesFree":"16455292","inodesTotal":"16455293","inodesUsed":"1","inodesUtilized":"1","lcOwn":"local","mediaWearout":"100","modTs":"2023-07-23T15:53:31.966+00:00","model":"","monPolDn":"uni/fabric/monfab-default","mount":"/data2/third-party/containers/lib/storage/overlay-containers/85115c7fcdf38cbdbc56e1490c19cf1781ebbf09dd2833f0feb81301ca0507ab/userdata/shm","name":"/data2/third-party/containers/lib/storage/overlay-containers/85115c7fcdf38cbdbc56e1490c19cf1781ebbf09dd2833f0feb81301ca0507ab/userdata/shm","nameAlias":"","operSt":"ok","serial":"","status":"","used":"unspecified"}}},{"eqptStorage":{"attributes":{"available":"unspecified","blocks":"unspecified","capUtilized":"0","childAction":"","device":"","dn":"topology/pod-1/node-1/sys/ch/p-[/dev/sdc]-f-[/dev/sdc]","failReason":"","fileSystem":"/dev/sdc","firmwareVersion":"","inodesFree":"0","inodesTotal":"0","inodesUsed":"0","inodesUtilized":"0","lcOwn":"local","mediaWearout":"100","modTs":"2023-07-14T15:37:26.787+00:00","model":"","monPolDn":"uni/fabric/monfab-default","mount":"/dev/sdc","name":"/dev/sdc","nameAlias":"","operSt":"ok","serial":"","status":"","used":"unspecified"}}},{"eqptStorage":{"attributes":{"available":"unspecified","blocks":"unspecified","capUtilized":"0","childAction":"","device":"Solid State Device","dn":"topology/pod-1/node-1/sys/ch/p-[/dev/sdb]-f-[/dev/sdb]","failReason":"","fileSystem":"/dev/sdb","firmwareVersion":"D2010370","inodesFree":"0","inodesTotal":"0","inodesUsed":"0","inodesUtilized":"0","lcOwn":"local","mediaWearout":"95","modTs":"2023-07-18T20:20:44.668+00:00","model":"INTEL SSDSC2BB480G4","monPolDn":"uni/fabric/monfab-default","mount":"/dev/sdb","name":"/dev/sdb","nameAlias":"","operSt":"ok","serial":"BTWL450300SY480QGN","status":"","used":"unspecified"}}},{"eqptStorage":{"attributes":{"available":"unspecified","blocks":"unspecified","capUtilized":"0","childAction":"","device":"","dn":"topology/pod-1/node-1/sys/ch/p-[/dev/sda]-f-[/dev/sda]","failReason":"","fileSystem":"/dev/sda","firmwareVersion":"","inodesFree":"0","inodesTotal":"0","inodesUsed":"0","inodesUtilized":"0","lcOwn":"local","mediaWearout":"100","modTs":"2023-07-14T15:37:26.787+00:00","model":"","monPolDn":"uni/fabric/monfab-default","mount":"/dev/sda","name":"/dev/sda","nameAlias":"","operSt":"ok","serial":"","status":"","used":"unspecified"}}},{"eqptStorage":{"attributes":{"available":"37876208","blocks":"40957152","capUtilized":"3","childAction":"","device":"","dn":"topology/pod-1/node-1/sys/ch/p-[/data/admin/bin/avread]-f-[overlayfs]","failReason":"","fileSystem":"overlayfs","firmwareVersion":"","inodesFree":"2579200","inodesTotal":"2621440","inodesUsed":"42240","inodesUtilized":"2","lcOwn":"local","mediaWearout":"100","modTs":"2023-07-25T23:48:52.320+00:00","model":"","monPolDn":"uni/fabric/monfab-default","mount":"/data/admin/bin/avread","name":"/data/admin/bin/avread","nameAlias":"","operSt":"ok","serial":"","status":"","used":"968228"}}},{"eqptStorage":{"attributes":{"available":"49884","blocks":"54202","capUtilized":"1","childAction":"","device":"","dn":"topology/pod-1/node-1/sys/ch/p-[/tmp/bootflash]-f-[/dev/sdc1]","failReason":"","fileSystem":"/dev/sdc1","firmwareVersion":"","inodesFree":"15347","inodesTotal":"15360","inodesUsed":"13","inodesUtilized":"1","lcOwn":"local","mediaWearout":"100","modTs":"2023-07-14T15:37:26.787+00:00","model":"","monPolDn":"uni/fabric/monfab-default","mount":"/tmp/bootflash","name":"/tmp/bootflash","nameAlias":"","operSt":"ok","serial":"","status":"","used":"18"}}},{"eqptStorage":{"attributes":{"available":"1048568","blocks":"1048576","capUtilized":"1","childAction":"","device":"","dn":"topology/pod-1/node-1/sys/ch/p-[/data/shell-data]-f-[tmpfs]","failReason":"","fileSystem":"tmpfs","firmwareVersion":"","inodesFree":"16455290","inodesTotal":"16455293","inodesUsed":"3","inodesUtilized":"1","lcOwn":"local","mediaWearout":"100","modTs":"2023-07-25T23:39:24.140+00:00","model":"","monPolDn":"uni/fabric/monfab-default","mount":"/data/shell-data","name":"/data/shell-data","nameAlias":"","operSt":"ok","serial":"","status":"","used":"8"}}},{"eqptStorage":{"attributes":{"available":"927416","blocks":"996780","capUtilized":"1","childAction":"","device":"","dn":"topology/pod-1/node-1/sys/ch/p-[/config]-f-[/dev/vg_ifc0/config]","failReason":"","fileSystem":"/dev/vg_ifc0/config","firmwareVersion":"","inodesFree":"65504","inodesTotal":"65536","inodesUsed":"32","inodesUtilized":"1","lcOwn":"local","mediaWearout":"100","modTs":"2023-07-14T15:37:26.787+00:00","model":"","monPolDn":"uni/fabric/monfab-default","mount":"/config","name":"/config","nameAlias":"","operSt":"ok","serial":"","status":"","used":"552"}}},{"eqptStorage":{"attributes":{"available":"32498612","blocks":"41104608","capUtilized":"17","childAction":"","device":"","dn":"topology/pod-1/node-1/sys/ch/p-[/logs]-f-[/dev/mapper/vg_ifc0-logs]","failReason":"","fileSystem":"/dev/mapper/vg_ifc0-logs","firmwareVersion":"","inodesFree":"2620195","inodesTotal":"2621440","inodesUsed":"1245","inodesUtilized":"1","lcOwn":"local","mediaWearout":"100","modTs":"2023-07-25T23:46:31.829+00:00","model":"","monPolDn":"uni/fabric/monfab-default","mount":"/logs","name":"/logs","nameAlias":"","operSt":"ok","serial":"","status":"","used":"6492460"}}},{"eqptStorage":{"attributes":{"available":"37876208","blocks":"40957152","capUtilized":"3","childAction":"","device":"","dn":"topology/pod-1/node-1/sys/ch/p-[/etc/hosts]-f-[overlayfs]","failReason":"","fileSystem":"overlayfs","firmwareVersion":"","inodesFree":"2579200","inodesTotal":"2621440","inodesUsed":"42240","inodesUtilized":"2","lcOwn":"local","mediaWearout":"100","modTs":"2023-07-25T23:48:52.320+00:00","model":"","monPolDn":"uni/fabric/monfab-default","mount":"/etc/hosts","name":"/etc/hosts","nameAlias":"","operSt":"ok","serial":"","status":"","used":"968228"}}},{"eqptStorage":{"attributes":{"available":"26732644","blocks":"41104848","capUtilized":"32","childAction":"","device":"","dn":"topology/pod-1/node-1/sys/ch/p-[/scratch-writes/boot-scratch-readonly-3055558666]-f-[/dev/dm-6]","failReason":"","fileSystem":"/dev/dm-6","firmwareVersion":"","inodesFree":"2439042","inodesTotal":"2621440","inodesUsed":"182398","inodesUtilized":"7","lcOwn":"local","mediaWearout":"100","modTs":"2023-07-14T15:37:26.787+00:00","model":"","monPolDn":"uni/fabric/monfab-default","mount":"/scratch-writes/boot-scratch-readonly-3055558666","name":"/scratch-writes/boot-scratch-readonly-3055558666","nameAlias":"","operSt":"ok","serial":"","status":"","used":"12258668"}}},{"eqptStorage":{"attributes":{"available":"37876208","blocks":"40957152","capUtilized":"3","childAction":"","device":"","dn":"topology/pod-1/node-1/sys/ch/p-[/scratch-writes]-f-[/dev/mapper/atx-scratch]","failReason":"","fileSystem":"/dev/mapper/atx-scratch","firmwareVersion":"","inodesFree":"2579200","inodesTotal":"2621440","inodesUsed":"42240","inodesUtilized":"2","lcOwn":"local","mediaWearout":"100","modTs":"2023-07-25T23:48:52.320+00:00","model":"","monPolDn":"uni/fabric/monfab-default","mount":"/scratch-writes","name":"/scratch-writes","nameAlias":"","operSt":"ok","serial":"","status":"","used":"968228"}}},{"eqptStorage":{"attributes":{"available":"37876208","blocks":"40957152","capUtilized":"3","childAction":"","device":"","dn":"topology/pod-1/node-1/sys/ch/p-[/]-f-[overlayfs]","failReason":"","fileSystem":"overlayfs","firmwareVersion":"","inodesFree":"2579200","inodesTotal":"2621440","inodesUsed":"42240","inodesUtilized":"2","lcOwn":"local","mediaWearout":"100","modTs":"2023-07-25T23:48:52.320+00:00","model":"","monPolDn":"uni/fabric/monfab-default","mount":"/","name":"/","nameAlias":"","operSt":"ok","serial":"","status":"","used":"968228"}}},{"eqptStorage":{"attributes":{"available":"65821172","blocks":"65821172","capUtilized":"0","childAction":"","device":"","dn":"topology/pod-1/node-1/sys/ch/p-[/sys/fs/cgroup]-f-[tmpfs]","failReason":"","fileSystem":"tmpfs","firmwareVersion":"","inodesFree":"16455278","inodesTotal":"16455293","inodesUsed":"15","inodesUtilized":"1","lcOwn":"local","mediaWearout":"100","modTs":"2023-07-14T15:37:26.787+00:00","model":"","monPolDn":"uni/fabric/monfab-default","mount":"/sys/fs/cgroup","name":"/sys/fs/cgroup","nameAlias":"","operSt":"ok","serial":"","status":"","used":"unspecified"}}},{"eqptStorage":{"attributes":{"available":"5120","blocks":"5120","capUtilized":"0","childAction":"","device":"","dn":"topology/pod-1/node-1/sys/ch/p-[/run/lock]-f-[tmpfs]","failReason":"","fileSystem":"tmpfs","firmwareVersion":"","inodesFree":"16455290","inodesTotal":"16455293","inodesUsed":"3","inodesUtilized":"1","lcOwn":"local","mediaWearout":"100","modTs":"2023-07-14T15:37:26.787+00:00","model":"","monPolDn":"uni/fabric/monfab-default","mount":"/run/lock","name":"/run/lock","nameAlias":"","operSt":"ok","serial":"","status":"","used":"unspecified"}}},{"eqptStorage":{"attributes":{"available":"13151856","blocks":"13164236","capUtilized":"1","childAction":"","device":"","dn":"topology/pod-1/node-1/sys/ch/p-[/run]-f-[tmpfs]","failReason":"","fileSystem":"tmpfs","firmwareVersion":"","inodesFree":"16453413","inodesTotal":"16455293","inodesUsed":"1880","inodesUtilized":"1","lcOwn":"local","mediaWearout":"100","modTs":"2023-07-25T23:46:31.829+00:00","model":"","monPolDn":"uni/fabric/monfab-default","mount":"/run","name":"/run","nameAlias":"","operSt":"ok","serial":"","status":"","used":"12380"}}},{"eqptStorage":{"attributes":{"available":"3998860","blocks":"4194304","capUtilized":"5","childAction":"","device":"","dn":"topology/pod-1/node-1/sys/ch/p-[/dev/shm]-f-[tmpfs]","failReason":"","fileSystem":"tmpfs","firmwareVersion":"","inodesFree":"16455248","inodesTotal":"16455293","inodesUsed":"45","inodesUtilized":"1","lcOwn":"local","mediaWearout":"100","modTs":"2023-07-25T00:04:01.415+00:00","model":"","monPolDn":"uni/fabric/monfab-default","mount":"/dev/shm","name":"/dev/shm","nameAlias":"","operSt":"ok","serial":"","status":"","used":"195444"}}},{"eqptStorage":{"attributes":{"available":"65794316","blocks":"65794316","capUtilized":"0","childAction":"","device":"","dn":"topology/pod-1/node-1/sys/ch/p-[/dev]-f-[devtmpfs]","failReason":"","fileSystem":"devtmpfs","firmwareVersion":"","inodesFree":"16447739","inodesTotal":"16448579","inodesUsed":"840","inodesUtilized":"1","lcOwn":"local","mediaWearout":"100","modTs":"2023-07-25T00:07:29.789+00:00","model":"","monPolDn":"uni/fabric/monfab-default","mount":"/dev","name":"/dev","nameAlias":"","operSt":"ok","serial":"","status":"","used":"unspecified"}}},{"eqptStorage":{"attributes":{"available":"16776176","blocks":"16777216","capUtilized":"1","childAction":"","device":"","dn":"topology/pod-1/node-1/sys/ch/p-[/tmp]-f-[tmpfs]","failReason":"","fileSystem":"tmpfs","firmwareVersion":"","inodesFree":"16455241","inodesTotal":"16455293","inodesUsed":"52","inodesUtilized":"1","lcOwn":"local","mediaWearout":"100","modTs":"2023-07-25T23:48:52.320+00:00","model":"","monPolDn":"uni/fabric/monfab-default","mount":"/tmp","name":"/tmp","nameAlias":"","operSt":"ok","serial":"","status":"","used":"1040"}}},{"eqptStorage":{"attributes":{"available":"1870716","blocks":"2023272","capUtilized":"2","childAction":"","device":"","dn":"topology/pod-1/node-1/sys/ch/p-[/securedata]-f-[/dev/mapper/vg_ifc0-securedata_dec]","failReason":"","fileSystem":"/dev/mapper/vg_ifc0-securedata_dec","firmwareVersion":"","inodesFree":"128478","inodesTotal":"131072","inodesUsed":"2594","inodesUtilized":"2","lcOwn":"local","mediaWearout":"100","modTs":"2023-07-25T23:44:52.244+00:00","model":"","monPolDn":"uni/fabric/monfab-default","mount":"/securedata","name":"/securedata","nameAlias":"","operSt":"ok","serial":"","status":"","used":"31420"}}},{"eqptStorage":{"attributes":{"available":"38989104","blocks":"41102560","capUtilized":"1","childAction":"","device":"","dn":"topology/pod-1/node-1/sys/ch/p-[/rfs1]-f-[/dev/mapper/vg_ifc0-rfs1_dec]","failReason":"","fileSystem":"/dev/mapper/vg_ifc0-rfs1_dec","firmwareVersion":"","inodesFree":"2621429","inodesTotal":"2621440","inodesUsed":"11","inodesUtilized":"1","lcOwn":"local","mediaWearout":"100","modTs":"2023-07-14T15:37:26.787+00:00","model":"","monPolDn":"uni/fabric/monfab-default","mount":"/rfs1","name":"/rfs1","nameAlias":"","operSt":"ok","serial":"","status":"","used":"24"}}},{"eqptStorage":{"attributes":{"available":"38989104","blocks":"41102560","capUtilized":"1","childAction":"","device":"","dn":"topology/pod-1/node-1/sys/ch/p-[/rfs2]-f-[/dev/mapper/vg_ifc0-rfs2_dec]","failReason":"","fileSystem":"/dev/mapper/vg_ifc0-rfs2_dec","firmwareVersion":"","inodesFree":"2621429","inodesTotal":"2621440","inodesUsed":"11","inodesUtilized":"1","lcOwn":"local","mediaWearout":"100","modTs":"2023-07-14T15:37:26.787+00:00","model":"","monPolDn":"uni/fabric/monfab-default","mount":"/rfs2","name":"/rfs2","nameAlias":"","operSt":"ok","serial":"","status":"","used":"24"}}},{"eqptStorage":{"attributes":{"available":"38723900","blocks":"41104608","capUtilized":"1","childAction":"","device":"","dn":"topology/pod-1/node-1/sys/ch/p-[/techsupport]-f-[/dev/mapper/vg_ifc0-techsupport]","failReason":"","fileSystem":"/dev/mapper/vg_ifc0-techsupport","firmwareVersion":"","inodesFree":"2621388","inodesTotal":"2621440","inodesUsed":"52","inodesUtilized":"1","lcOwn":"local","mediaWearout":"100","modTs":"2023-07-25T23:46:31.829+00:00","model":"","monPolDn":"uni/fabric/monfab-default","mount":"/techsupport","name":"/techsupport","nameAlias":"","operSt":"ok","serial":"","status":"","used":"267172"}}},{"eqptStorage":{"attributes":{"available":"20564392","blocks":"41104608","capUtilized":"48","childAction":"","device":"","dn":"topology/pod-1/node-1/sys/ch/p-[/firmware]-f-[/dev/mapper/vg_ifc0-firmware]","failReason":"","fileSystem":"/dev/mapper/vg_ifc0-firmware","firmwareVersion":"","inodesFree":"2621224","inodesTotal":"2621440","inodesUsed":"216","inodesUtilized":"1","lcOwn":"local","mediaWearout":"100","modTs":"2023-07-25T23:48:52.320+00:00","model":"","monPolDn":"uni/fabric/monfab-default","mount":"/firmware","name":"/firmware","nameAlias":"","operSt":"ok","serial":"","status":"","used":"18426680"}}},{"eqptStorage":{"attributes":{"available":"38991040","blocks":"41104608","capUtilized":"1","childAction":"","device":"","dn":"topology/pod-1/node-1/sys/ch/p-[/scratch]-f-[/dev/mapper/vg_ifc0-scratch]","failReason":"","fileSystem":"/dev/mapper/vg_ifc0-scratch","firmwareVersion":"","inodesFree":"2621421","inodesTotal":"2621440","inodesUsed":"19","inodesUtilized":"1","lcOwn":"local","mediaWearout":"100","modTs":"2023-07-18T12:06:37.562+00:00","model":"","monPolDn":"uni/fabric/monfab-default","mount":"/scratch","name":"/scratch","nameAlias":"","operSt":"ok","serial":"","status":"","used":"32"}}},{"eqptStorage":{"attributes":{"available":"336483664","blocks":"368030352","capUtilized":"4","childAction":"","device":"","dn":"topology/pod-1/node-1/sys/ch/p-[/data]-f-[/dev/mapper/vg_ifc0_ssd-data]","failReason":"","fileSystem":"/dev/mapper/vg_ifc0_ssd-data","firmwareVersion":"","inodesFree":"23381503","inodesTotal":"23388160","inodesUsed":"6657","inodesUtilized":"1","lcOwn":"local","mediaWearout":"100","modTs":"2023-07-25T23:48:52.320+00:00","model":"","monPolDn":"uni/fabric/monfab-default","mount":"/data","name":"/data","nameAlias":"","operSt":"ok","serial":"","status":"","used":"12825104"}}},{"eqptStorage":{"attributes":{"available":"48783828","blocks":"51421664","capUtilized":"1","childAction":"","device":"","dn":"topology/pod-1/node-1/sys/ch/p-[/dmecores]-f-[/dev/mapper/vg_ifc0-dmecores]","failReason":"","fileSystem":"/dev/mapper/vg_ifc0-dmecores","firmwareVersion":"","inodesFree":"3276789","inodesTotal":"3276800","inodesUsed":"11","inodesUtilized":"1","lcOwn":"local","mediaWearout":"100","modTs":"2023-07-14T15:37:26.787+00:00","model":"","monPolDn":"uni/fabric/monfab-default","mount":"/dmecores","name":"/dmecores","nameAlias":"","operSt":"ok","serial":"","status":"","used":"12"}}},{"eqptStorage":{"attributes":{"available":"675454996","blocks":"738792296","capUtilized":"4","childAction":"","device":"","dn":"topology/pod-1/node-1/sys/ch/p-[/data2]-f-[/dev/mapper/vg_ifc0-data2]","failReason":"","fileSystem":"/dev/mapper/vg_ifc0-data2","firmwareVersion":"","inodesFree":"46528972","inodesTotal":"46923776","inodesUsed":"394804","inodesUtilized":"1","lcOwn":"local","mediaWearout":"100","modTs":"2023-07-25T23:48:52.320+00:00","model":"","monPolDn":"uni/fabric/monfab-default","mount":"/data2","name":"/data2","nameAlias":"","operSt":"ok","serial":"","status":"","used":"25781896"}}},{"eqptStorage":{"attributes":{"available":"4223164","blocks":"4943100","capUtilized":"10","childAction":"","device":"","dn":"topology/pod-1/node-1/sys/ch/p-[/boot]-f-[/dev/sda1]","failReason":"","fileSystem":"/dev/sda1","firmwareVersion":"","inodesFree":"320394","inodesTotal":"321280","inodesUsed":"886","inodesUtilized":"1","lcOwn":"local","mediaWearout":"100","modTs":"2023-07-14T15:37:26.787+00:00","model":"","monPolDn":"uni/fabric/monfab-default","mount":"/boot","name":"/boot","nameAlias":"","operSt":"ok","serial":"","status":"","used":"463704"}}},{"eqptStorage":{"attributes":{"available":"1378216","blocks":"2097152","capUtilized":"35","childAction":"","device":"","dn":"topology/pod-1/node-1/sys/ch/p-[/data/log]-f-[tmpfs]","failReason":"","fileSystem":"tmpfs","firmwareVersion":"","inodesFree":"16454211","inodesTotal":"16455293","inodesUsed":"1082","inodesUtilized":"1","lcOwn":"local","mediaWearout":"100","modTs":"2023-07-25T23:48:52.320+00:00","model":"","monPolDn":"uni/fabric/monfab-default","mount":"/data/log","name":"/data/log","nameAlias":"","operSt":"ok","serial":"","status":"","used":"718936"}}},{"eqptStorage":{"attributes":{"available":"64000","blocks":"64000","capUtilized":"0","childAction":"","device":"","dn":"topology/pod-1/node-1/sys/ch/p-[/data2/third-party/containers/lib/storage/overlay-containers/c38f08a55bed10a2e314a76a6021d981e995115cd750754a31bb0e703e0d08ae/userdata/shm]-f-[shm]","failReason":"","fileSystem":"shm","firmwareVersion":"","inodesFree":"16455292","inodesTotal":"16455293","inodesUsed":"1","inodesUtilized":"1","lcOwn":"local","mediaWearout":"100","modTs":"2023-07-14T15:41:10.388+00:00","model":"","monPolDn":"uni/fabric/monfab-default","mount":"/data2/third-party/containers/lib/storage/overlay-containers/c38f08a55bed10a2e314a76a6021d981e995115cd750754a31bb0e703e0d08ae/userdata/shm","name":"/data2/third-party/containers/lib/storage/overlay-containers/c38f08a55bed10a2e314a76a6021d981e995115cd750754a31bb0e703e0d08ae/userdata/shm","nameAlias":"","operSt":"ok","serial":"","status":"","used":"unspecified"}}},{"eqptStorage":{"attributes":{"available":"64000","blocks":"64000","capUtilized":"0","childAction":"","device":"","dn":"topology/pod-1/node-1/sys/ch/p-[/data2/third-party/containers/lib/storage/overlay-containers/fe723e709c8d80169507a526d9e35b7a1048e5a45391437c31b30ef588266520/userdata/shm]-f-[shm]","failReason":"","fileSystem":"shm","firmwareVersion":"","inodesFree":"16455292","inodesTotal":"16455293","inodesUsed":"1","inodesUtilized":"1","lcOwn":"local","mediaWearout":"100","modTs":"2023-07-14T15:44:09.699+00:00","model":"","monPolDn":"uni/fabric/monfab-default","mount":"/data2/third-party/containers/lib/storage/overlay-containers/fe723e709c8d80169507a526d9e35b7a1048e5a45391437c31b30ef588266520/userdata/shm","name":"/data2/third-party/containers/lib/storage/overlay-containers/fe723e709c8d80169507a526d9e35b7a1048e5a45391437c31b30ef588266520/userdata/shm","nameAlias":"","operSt":"ok","serial":"","status":"","used":"unspecified"}}},{"eqptStorage":{"attributes":{"available":"675454996","blocks":"738792296","capUtilized":"4","childAction":"","device":"","dn":"topology/pod-1/node-1/sys/ch/p-[/data2/third-party/containers/lib/storage/overlay/f3f2307f316d814302277aab01b434e2b72d1724738184ed94e36b0c08185c84/merged]-f-[overlay]","failReason":"","fileSystem":"overlay","firmwareVersion":"","inodesFree":"46528972","inodesTotal":"46923776","inodesUsed":"394804","inodesUtilized":"1","lcOwn":"local","mediaWearout":"100","modTs":"2023-07-25T23:48:52.320+00:00","model":"","monPolDn":"uni/fabric/monfab-default","mount":"/data2/third-party/containers/lib/storage/overlay/f3f2307f316d814302277aab01b434e2b72d1724738184ed94e36b0c08185c84/merged","name":"/data2/third-party/containers/lib/storage/overlay/f3f2307f316d814302277aab01b434e2b72d1724738184ed94e36b0c08185c84/merged","nameAlias":"","operSt":"ok","serial":"","status":"","used":"25781896"}}},{"eqptStorage":{"attributes":{"available":"64000","blocks":"64000","capUtilized":"0","childAction":"","device":"","dn":"topology/pod-1/node-1/sys/ch/p-[/data2/third-party/containers/lib/storage/overlay-containers/6fca7f1b46d538090ebba60c6a9e4cd265538ce49d79db2155e927d3acd4793a/userdata/shm]-f-[shm]","failReason":"","fileSystem":"shm","firmwareVersion":"","inodesFree":"16455292","inodesTotal":"16455293","inodesUsed":"1","inodesUtilized":"1","lcOwn":"local","mediaWearout":"100","modTs":"2023-07-14T15:41:10.388+00:00","model":"","monPolDn":"uni/fabric/monfab-default","mount":"/data2/third-party/containers/lib/storage/overlay-containers/6fca7f1b46d538090ebba60c6a9e4cd265538ce49d79db2155e927d3acd4793a/userdata/shm","name":"/data2/third-party/containers/lib/storage/overlay-containers/6fca7f1b46d538090ebba60c6a9e4cd265538ce49d79db2155e927d3acd4793a/userdata/shm","nameAlias":"","operSt":"ok","serial":"","status":"","used":"unspecified"}}},{"eqptStorage":{"attributes":{"available":"675454996","blocks":"738792296","capUtilized":"4","childAction":"","device":"","dn":"topology/pod-1/node-1/sys/ch/p-[/data2/third-party/containers/lib/storage/overlay/c9d6566a2d8d115ff8319e386c8e6e0717b10b97e682407d99a28aafb2a05acd/merged]-f-[overlay]","failReason":"","fileSystem":"overlay","firmwareVersion":"","inodesFree":"46528972","inodesTotal":"46923776","inodesUsed":"394804","inodesUtilized":"1","lcOwn":"local","mediaWearout":"100","modTs":"2023-07-25T23:48:52.320+00:00","model":"","monPolDn":"uni/fabric/monfab-default","mount":"/data2/third-party/containers/lib/storage/overlay/c9d6566a2d8d115ff8319e386c8e6e0717b10b97e682407d99a28aafb2a05acd/merged","name":"/data2/third-party/containers/lib/storage/overlay/c9d6566a2d8d115ff8319e386c8e6e0717b10b97e682407d99a28aafb2a05acd/merged","nameAlias":"","operSt":"ok","serial":"","status":"","used":"25781896"}}},{"eqptStorage":{"attributes":{"available":"64000","blocks":"64000","capUtilized":"0","childAction":"","device":"","dn":"topology/pod-1/node-1/sys/ch/p-[/data2/third-party/containers/lib/storage/overlay-containers/12d394e80a4c04657f24634506ce59f51c9a7cd6fbbedf9ac662a14f3eaf4302/userdata/shm]-f-[shm]","failReason":"","fileSystem":"shm","firmwareVersion":"","inodesFree":"16455292","inodesTotal":"16455293","inodesUsed":"1","inodesUtilized":"1","lcOwn":"local","mediaWearout":"100","modTs":"2023-07-14T15:41:10.388+00:00","model":"","monPolDn":"uni/fabric/monfab-default","mount":"/data2/third-party/containers/lib/storage/overlay-containers/12d394e80a4c04657f24634506ce59f51c9a7cd6fbbedf9ac662a14f3eaf4302/userdata/shm","name":"/data2/third-party/containers/lib/storage/overlay-containers/12d394e80a4c04657f24634506ce59f51c9a7cd6fbbedf9ac662a14f3eaf4302/userdata/shm","nameAlias":"","operSt":"ok","serial":"","status":"","used":"unspecified"}}},{"eqptStorage":{"attributes":{"available":"675454996","blocks":"738792296","capUtilized":"4","childAction":"","device":"","dn":"topology/pod-1/node-1/sys/ch/p-[/data2/third-party/containers/lib/storage/overlay/3426aaadce33feccdf79149ccd7091fa7b8fe931da48ff9c7bebf03465ed108b/merged]-f-[overlay]","failReason":"","fileSystem":"overlay","firmwareVersion":"","inodesFree":"46528972","inodesTotal":"46923776","inodesUsed":"394804","inodesUtilized":"1","lcOwn":"local","mediaWearout":"100","modTs":"2023-07-25T23:48:52.320+00:00","model":"","monPolDn":"uni/fabric/monfab-default","mount":"/data2/third-party/containers/lib/storage/overlay/3426aaadce33feccdf79149ccd7091fa7b8fe931da48ff9c7bebf03465ed108b/merged","name":"/data2/third-party/containers/lib/storage/overlay/3426aaadce33feccdf79149ccd7091fa7b8fe931da48ff9c7bebf03465ed108b/merged","nameAlias":"","operSt":"ok","serial":"","status":"","used":"25781896"}}},{"eqptStorage":{"attributes":{"available":"64000","blocks":"64000","capUtilized":"0","childAction":"","device":"","dn":"topology/pod-1/node-1/sys/ch/p-[/data2/third-party/containers/lib/storage/overlay-containers/36c921266adc6a4c84705904f419aa3b42cf36e2e12ae70839818c1715541f31/userdata/shm]-f-[shm]","failReason":"","fileSystem":"shm","firmwareVersion":"","inodesFree":"16455292","inodesTotal":"16455293","inodesUsed":"1","inodesUtilized":"1","lcOwn":"local","mediaWearout":"100","modTs":"2023-07-14T15:41:10.388+00:00","model":"","monPolDn":"uni/fabric/monfab-default","mount":"/data2/third-party/containers/lib/storage/overlay-containers/36c921266adc6a4c84705904f419aa3b42cf36e2e12ae70839818c1715541f31/userdata/shm","name":"/data2/third-party/containers/lib/storage/overlay-containers/36c921266adc6a4c84705904f419aa3b42cf36e2e12ae70839818c1715541f31/userdata/shm","nameAlias":"","operSt":"ok","serial":"","status":"","used":"unspecified"}}},{"eqptStorage":{"attributes":{"available":"1024","blocks":"1024","capUtilized":"0","childAction":"","device":"","dn":"topology/pod-1/node-1/sys/ch/p-[/data2/third-party/nomad_client/data/alloc/7556cd24-e6a3-6e7e-da05-b94f13da3e7b/statsq/secrets]-f-[tmpfs]","failReason":"","fileSystem":"tmpfs","firmwareVersion":"","inodesFree":"16455291","inodesTotal":"16455293","inodesUsed":"2","inodesUtilized":"1","lcOwn":"local","mediaWearout":"100","modTs":"2023-07-14T15:41:10.388+00:00","model":"","monPolDn":"uni/fabric/monfab-default","mount":"/data2/third-party/nomad_client/data/alloc/7556cd24-e6a3-6e7e-da05-b94f13da3e7b/statsq/secrets","name":"/data2/third-party/nomad_client/data/alloc/7556cd24-e6a3-6e7e-da05-b94f13da3e7b/statsq/secrets","nameAlias":"","operSt":"ok","serial":"","status":"","used":"unspecified"}}},{"eqptStorage":{"attributes":{"available":"1024","blocks":"1024","capUtilized":"0","childAction":"","device":"","dn":"topology/pod-1/node-1/sys/ch/p-[/data2/third-party/nomad_client/data/alloc/9c8ca54b-4b3a-7cd0-5672-773230c4a1bf/moss/secrets]-f-[tmpfs]","failReason":"","fileSystem":"tmpfs","firmwareVersion":"","inodesFree":"16455291","inodesTotal":"16455293","inodesUsed":"2","inodesUtilized":"1","lcOwn":"local","mediaWearout":"100","modTs":"2023-07-14T15:41:10.388+00:00","model":"","monPolDn":"uni/fabric/monfab-default","mount":"/data2/third-party/nomad_client/data/alloc/9c8ca54b-4b3a-7cd0-5672-773230c4a1bf/moss/secrets","name":"/data2/third-party/nomad_client/data/alloc/9c8ca54b-4b3a-7cd0-5672-773230c4a1bf/moss/secrets","nameAlias":"","operSt":"ok","serial":"","status":"","used":"unspecified"}}},{"eqptStorage":{"attributes":{"available":"1024","blocks":"1024","capUtilized":"0","childAction":"","device":"","dn":"topology/pod-1/node-1/sys/ch/p-[/data2/third-party/nomad_client/data/alloc/767cecbd-aade-7ae0-8d4d-4972c2765cb3/dc/secrets]-f-[tmpfs]","failReason":"","fileSystem":"tmpfs","firmwareVersion":"","inodesFree":"16455291","inodesTotal":"16455293","inodesUsed":"2","inodesUtilized":"1","lcOwn":"local","mediaWearout":"100","modTs":"2023-07-14T15:41:10.388+00:00","model":"","monPolDn":"uni/fabric/monfab-default","mount":"/data2/third-party/nomad_client/data/alloc/767cecbd-aade-7ae0-8d4d-4972c2765cb3/dc/secrets","name":"/data2/third-party/nomad_client/data/alloc/767cecbd-aade-7ae0-8d4d-4972c2765cb3/dc/secrets","nameAlias":"","operSt":"ok","serial":"","status":"","used":"unspecified"}}},{"eqptStorage":{"attributes":{"available":"1024","blocks":"1024","capUtilized":"0","childAction":"","device":"","dn":"topology/pod-1/node-1/sys/ch/p-[/data2/third-party/nomad_client/data/alloc/1bac7e99-03c9-3b7a-022c-95047174f5a0/es/secrets]-f-[tmpfs]","failReason":"","fileSystem":"tmpfs","firmwareVersion":"","inodesFree":"16455291","inodesTotal":"16455293","inodesUsed":"2","inodesUtilized":"1","lcOwn":"local","mediaWearout":"100","modTs":"2023-07-14T15:41:10.388+00:00","model":"","monPolDn":"uni/fabric/monfab-default","mount":"/data2/third-party/nomad_client/data/alloc/1bac7e99-03c9-3b7a-022c-95047174f5a0/es/secrets","name":"/data2/third-party/nomad_client/data/alloc/1bac7e99-03c9-3b7a-022c-95047174f5a0/es/secrets","nameAlias":"","operSt":"ok","serial":"","status":"","used":"unspecified"}}},{"eqptStorage":{"attributes":{"available":"1024","blocks":"1024","capUtilized":"0","childAction":"","device":"","dn":"topology/pod-1/node-1/sys/ch/p-[/data2/third-party/nomad_client/data/alloc/90c9e39f-15d0-9c4a-eb50-aa3548407227/ksm/secrets]-f-[tmpfs]","failReason":"","fileSystem":"tmpfs","firmwareVersion":"","inodesFree":"16455291","inodesTotal":"16455293","inodesUsed":"2","inodesUtilized":"1","lcOwn":"local","mediaWearout":"100","modTs":"2023-07-14T15:41:10.388+00:00","model":"","monPolDn":"uni/fabric/monfab-default","mount":"/data2/third-party/nomad_client/data/alloc/90c9e39f-15d0-9c4a-eb50-aa3548407227/ksm/secrets","name":"/data2/third-party/nomad_client/data/alloc/90c9e39f-15d0-9c4a-eb50-aa3548407227/ksm/secrets","nameAlias":"","operSt":"ok","serial":"","status":"","used":"unspecified"}}},{"eqptStorage":{"attributes":{"available":"1024","blocks":"1024","capUtilized":"0","childAction":"","device":"","dn":"topology/pod-1/node-1/sys/ch/p-[/data2/third-party/nomad_client/data/alloc/f242120e-eb1b-cd2b-383a-4af732ea898e/zk/secrets]-f-[tmpfs]","failReason":"","fileSystem":"tmpfs","firmwareVersion":"","inodesFree":"16455291","inodesTotal":"16455293","inodesUsed":"2","inodesUtilized":"1","lcOwn":"local","mediaWearout":"100","modTs":"2023-07-14T15:41:10.388+00:00","model":"","monPolDn":"uni/fabric/monfab-default","mount":"/data2/third-party/nomad_client/data/alloc/f242120e-eb1b-cd2b-383a-4af732ea898e/zk/secrets","name":"/data2/third-party/nomad_client/data/alloc/f242120e-eb1b-cd2b-383a-4af732ea898e/zk/secrets","nameAlias":"","operSt":"ok","serial":"","status":"","used":"unspecified"}}},{"eqptStorage":{"attributes":{"available":"1024","blocks":"1024","capUtilized":"0","childAction":"","device":"","dn":"topology/pod-1/node-1/sys/ch/p-[/data2/third-party/nomad_client/data/alloc/8a8cb04b-c8fc-b8b1-4243-829865676cab/validator-api/secrets]-f-[tmpfs]","failReason":"","fileSystem":"tmpfs","firmwareVersion":"","inodesFree":"16455291","inodesTotal":"16455293","inodesUsed":"2","inodesUtilized":"1","lcOwn":"local","mediaWearout":"100","modTs":"2023-07-14T15:41:10.388+00:00","model":"","monPolDn":"uni/fabric/monfab-default","mount":"/data2/third-party/nomad_client/data/alloc/8a8cb04b-c8fc-b8b1-4243-829865676cab/validator-api/secrets","name":"/data2/third-party/nomad_client/data/alloc/8a8cb04b-c8fc-b8b1-4243-829865676cab/validator-api/secrets","nameAlias":"","operSt":"ok","serial":"","status":"","used":"unspecified"}}},{"eqptStorage":{"attributes":{"available":"1024","blocks":"1024","capUtilized":"0","childAction":"","device":"","dn":"topology/pod-1/node-1/sys/ch/p-[/data2/third-party/nomad_client/data/alloc/cf9a0d45-d5e3-c953-bf54-3aca1991fae2/clicks/secrets]-f-[tmpfs]","failReason":"","fileSystem":"tmpfs","firmwareVersion":"","inodesFree":"16455291","inodesTotal":"16455293","inodesUsed":"2","inodesUtilized":"1","lcOwn":"local","mediaWearout":"100","modTs":"2023-07-14T15:41:10.388+00:00","model":"","monPolDn":"uni/fabric/monfab-default","mount":"/data2/third-party/nomad_client/data/alloc/cf9a0d45-d5e3-c953-bf54-3aca1991fae2/clicks/secrets","name":"/data2/third-party/nomad_client/data/alloc/cf9a0d45-d5e3-c953-bf54-3aca1991fae2/clicks/secrets","nameAlias":"","operSt":"ok","serial":"","status":"","used":"unspecified"}}},{"eqptStorage":{"attributes":{"available":"675454996","blocks":"738792296","capUtilized":"4","childAction":"","device":"","dn":"topology/pod-1/node-1/sys/ch/p-[/data2/third-party/containers/lib/storage/overlay/937d7036fd3ea1c1277c61d3d9ce9fb89e8db55dd8d97eee85af85d8b2349a4a/merged]-f-[overlay]","failReason":"","fileSystem":"overlay","firmwareVersion":"","inodesFree":"46528972","inodesTotal":"46923776","inodesUsed":"394804","inodesUtilized":"1","lcOwn":"local","mediaWearout":"100","modTs":"2023-07-25T23:48:52.320+00:00","model":"","monPolDn":"uni/fabric/monfab-default","mount":"/data2/third-party/containers/lib/storage/overlay/937d7036fd3ea1c1277c61d3d9ce9fb89e8db55dd8d97eee85af85d8b2349a4a/merged","name":"/data2/third-party/containers/lib/storage/overlay/937d7036fd3ea1c1277c61d3d9ce9fb89e8db55dd8d97eee85af85d8b2349a4a/merged","nameAlias":"","operSt":"ok","serial":"","status":"","used":"25781896"}}},{"eqptStorage":{"attributes":{"available":"1024","blocks":"1024","capUtilized":"0","childAction":"","device":"","dn":"topology/pod-1/node-1/sys/ch/p-[/data2/third-party/nomad_client/data/alloc/1d013494-ae63-73bf-65b4-7bd51ccd3eb5/av-core/secrets]-f-[tmpfs]","failReason":"","fileSystem":"tmpfs","firmwareVersion":"","inodesFree":"16455291","inodesTotal":"16455293","inodesUsed":"2","inodesUtilized":"1","lcOwn":"local","mediaWearout":"100","modTs":"2023-07-14T15:41:10.388+00:00","model":"","monPolDn":"uni/fabric/monfab-default","mount":"/data2/third-party/nomad_client/data/alloc/1d013494-ae63-73bf-65b4-7bd51ccd3eb5/av-core/secrets","name":"/data2/third-party/nomad_client/data/alloc/1d013494-ae63-73bf-65b4-7bd51ccd3eb5/av-core/secrets","nameAlias":"","operSt":"ok","serial":"","status":"","used":"unspecified"}}},{"eqptStorage":{"attributes":{"available":"1024","blocks":"1024","capUtilized":"0","childAction":"","device":"","dn":"topology/pod-1/node-1/sys/ch/p-[/data2/third-party/nomad_client/data/alloc/5bc7445f-df0c-2e2b-d0f7-26a497b005a4/app-grpcserver/secrets]-f-[tmpfs]","failReason":"","fileSystem":"tmpfs","firmwareVersion":"","inodesFree":"16455291","inodesTotal":"16455293","inodesUsed":"2","inodesUtilized":"1","lcOwn":"local","mediaWearout":"100","modTs":"2023-07-14T15:41:10.388+00:00","model":"","monPolDn":"uni/fabric/monfab-default","mount":"/data2/third-party/nomad_client/data/alloc/5bc7445f-df0c-2e2b-d0f7-26a497b005a4/app-grpcserver/secrets","name":"/data2/third-party/nomad_client/data/alloc/5bc7445f-df0c-2e2b-d0f7-26a497b005a4/app-grpcserver/secrets","nameAlias":"","operSt":"ok","serial":"","status":"","used":"unspecified"}}},{"eqptStorage":{"attributes":{"available":"1024","blocks":"1024","capUtilized":"0","childAction":"","device":"","dn":"topology/pod-1/node-1/sys/ch/p-[/data2/third-party/nomad_client/data/alloc/4766f638-b2bf-d2db-f2a8-a12b49f52790/base-aciftriage/secrets]-f-[tmpfs]","failReason":"","fileSystem":"tmpfs","firmwareVersion":"","inodesFree":"16455291","inodesTotal":"16455293","inodesUsed":"2","inodesUtilized":"1","lcOwn":"local","mediaWearout":"100","modTs":"2023-07-14T15:41:10.388+00:00","model":"","monPolDn":"uni/fabric/monfab-default","mount":"/data2/third-party/nomad_client/data/alloc/4766f638-b2bf-d2db-f2a8-a12b49f52790/base-aciftriage/secrets","name":"/data2/third-party/nomad_client/data/alloc/4766f638-b2bf-d2db-f2a8-a12b49f52790/base-aciftriage/secrets","nameAlias":"","operSt":"ok","serial":"","status":"","used":"unspecified"}}},{"eqptStorage":{"attributes":{"available":"1024","blocks":"1024","capUtilized":"0","childAction":"","device":"","dn":"topology/pod-1/node-1/sys/ch/p-[/data2/third-party/nomad_client/data/alloc/87f4f35e-77fd-326a-c8ec-d943b79c8ca4/app-cmd-executor/secrets]-f-[tmpfs]","failReason":"","fileSystem":"tmpfs","firmwareVersion":"","inodesFree":"16455291","inodesTotal":"16455293","inodesUsed":"2","inodesUtilized":"1","lcOwn":"local","mediaWearout":"100","modTs":"2023-07-14T15:41:10.388+00:00","model":"","monPolDn":"uni/fabric/monfab-default","mount":"/data2/third-party/nomad_client/data/alloc/87f4f35e-77fd-326a-c8ec-d943b79c8ca4/app-cmd-executor/secrets","name":"/data2/third-party/nomad_client/data/alloc/87f4f35e-77fd-326a-c8ec-d943b79c8ca4/app-cmd-executor/secrets","nameAlias":"","operSt":"ok","serial":"","status":"","used":"unspecified"}}},{"eqptStorage":{"attributes":{"available":"1024","blocks":"1024","capUtilized":"0","childAction":"","device":"","dn":"topology/pod-1/node-1/sys/ch/p-[/data2/third-party/nomad_client/data/alloc/7259604c-e621-7c23-31e5-66a9fef440b5/av-api/secrets]-f-[tmpfs]","failReason":"","fileSystem":"tmpfs","firmwareVersion":"","inodesFree":"16455291","inodesTotal":"16455293","inodesUsed":"2","inodesUtilized":"1","lcOwn":"local","mediaWearout":"100","modTs":"2023-07-14T15:41:10.388+00:00","model":"","monPolDn":"uni/fabric/monfab-default","mount":"/data2/third-party/nomad_client/data/alloc/7259604c-e621-7c23-31e5-66a9fef440b5/av-api/secrets","name":"/data2/third-party/nomad_client/data/alloc/7259604c-e621-7c23-31e5-66a9fef440b5/av-api/secrets","nameAlias":"","operSt":"ok","serial":"","status":"","used":"unspecified"}}},{"eqptStorage":{"attributes":{"available":"1024","blocks":"1024","capUtilized":"0","childAction":"","device":"","dn":"topology/pod-1/node-1/sys/ch/p-[/data2/third-party/nomad_client/data/alloc/0bf19836-9016-3c41-e22e-fbe3ae0250ab/base-acifsvagent/secrets]-f-[tmpfs]","failReason":"","fileSystem":"tmpfs","firmwareVersion":"","inodesFree":"16455291","inodesTotal":"16455293","inodesUsed":"2","inodesUtilized":"1","lcOwn":"local","mediaWearout":"100","modTs":"2023-07-14T15:41:10.388+00:00","model":"","monPolDn":"uni/fabric/monfab-default","mount":"/data2/third-party/nomad_client/data/alloc/0bf19836-9016-3c41-e22e-fbe3ae0250ab/base-acifsvagent/secrets","name":"/data2/third-party/nomad_client/data/alloc/0bf19836-9016-3c41-e22e-fbe3ae0250ab/base-acifsvagent/secrets","nameAlias":"","operSt":"ok","serial":"","status":"","used":"unspecified"}}},{"eqptStorage":{"attributes":{"available":"1024","blocks":"1024","capUtilized":"0","childAction":"","device":"","dn":"topology/pod-1/node-1/sys/ch/p-[/data2/third-party/nomad_client/data/alloc/66acd126-1057-7fca-db8e-3776a60fc186/base-yukon/secrets]-f-[tmpfs]","failReason":"","fileSystem":"tmpfs","firmwareVersion":"","inodesFree":"16455291","inodesTotal":"16455293","inodesUsed":"2","inodesUtilized":"1","lcOwn":"local","mediaWearout":"100","modTs":"2023-07-14T15:41:10.388+00:00","model":"","monPolDn":"uni/fabric/monfab-default","mount":"/data2/third-party/nomad_client/data/alloc/66acd126-1057-7fca-db8e-3776a60fc186/base-yukon/secrets","name":"/data2/third-party/nomad_client/data/alloc/66acd126-1057-7fca-db8e-3776a60fc186/base-yukon/secrets","nameAlias":"","operSt":"ok","serial":"","status":"","used":"unspecified"}}},{"eqptStorage":{"attributes":{"available":"1024","blocks":"1024","capUtilized":"0","childAction":"","device":"","dn":"topology/pod-1/node-1/sys/ch/p-[/data2/third-party/nomad_client/data/alloc/f5c5723e-0d95-811b-1a3b-276125540f6b/app-apicagent/secrets]-f-[tmpfs]","failReason":"","fileSystem":"tmpfs","firmwareVersion":"","inodesFree":"16455291","inodesTotal":"16455293","inodesUsed":"2","inodesUtilized":"1","lcOwn":"local","mediaWearout":"100","modTs":"2023-07-14T15:41:10.388+00:00","model":"","monPolDn":"uni/fabric/monfab-default","mount":"/data2/third-party/nomad_client/data/alloc/f5c5723e-0d95-811b-1a3b-276125540f6b/app-apicagent/secrets","name":"/data2/third-party/nomad_client/data/alloc/f5c5723e-0d95-811b-1a3b-276125540f6b/app-apicagent/secrets","nameAlias":"","operSt":"ok","serial":"","status":"","used":"unspecified"}}},{"eqptStorage":{"attributes":{"available":"1024","blocks":"1024","capUtilized":"0","childAction":"","device":"","dn":"topology/pod-1/node-1/sys/ch/p-[/data2/third-party/nomad_client/data/alloc/6884897e-a2fa-33fd-f3dd-d9c908d77b37/base-riogrande/secrets]-f-[tmpfs]","failReason":"","fileSystem":"tmpfs","firmwareVersion":"","inodesFree":"16455291","inodesTotal":"16455293","inodesUsed":"2","inodesUtilized":"1","lcOwn":"local","mediaWearout":"100","modTs":"2023-07-14T15:41:10.388+00:00","model":"","monPolDn":"uni/fabric/monfab-default","mount":"/data2/third-party/nomad_client/data/alloc/6884897e-a2fa-33fd-f3dd-d9c908d77b37/base-riogrande/secrets","name":"/data2/third-party/nomad_client/data/alloc/6884897e-a2fa-33fd-f3dd-d9c908d77b37/base-riogrande/secrets","nameAlias":"","operSt":"ok","serial":"","status":"","used":"unspecified"}}},{"eqptStorage":{"attributes":{"available":"1024","blocks":"1024","capUtilized":"0","childAction":"","device":"","dn":"topology/pod-1/node-1/sys/ch/p-[/data2/third-party/nomad_client/data/alloc/1a9e4036-868a-ce1f-e5f9-dbe273e2c0a9/base-core/secrets]-f-[tmpfs]","failReason":"","fileSystem":"tmpfs","firmwareVersion":"","inodesFree":"16455291","inodesTotal":"16455293","inodesUsed":"2","inodesUtilized":"1","lcOwn":"local","mediaWearout":"100","modTs":"2023-07-14T15:41:10.388+00:00","model":"","monPolDn":"uni/fabric/monfab-default","mount":"/data2/third-party/nomad_client/data/alloc/1a9e4036-868a-ce1f-e5f9-dbe273e2c0a9/base-core/secrets","name":"/data2/third-party/nomad_client/data/alloc/1a9e4036-868a-ce1f-e5f9-dbe273e2c0a9/base-core/secrets","nameAlias":"","operSt":"ok","serial":"","status":"","used":"unspecified"}}},{"eqptStorage":{"attributes":{"available":"675454996","blocks":"738792296","capUtilized":"4","childAction":"","device":"","dn":"topology/pod-1/node-1/sys/ch/p-[/data2/third-party/containers/lib/storage/overlay/83f2d430937e289602d293e2cee89421dc3a4a65f5ed7ed777341ef6ea7f4e44/merged]-f-[overlay]","failReason":"","fileSystem":"overlay","firmwareVersion":"","inodesFree":"46528972","inodesTotal":"46923776","inodesUsed":"394804","inodesUtilized":"1","lcOwn":"local","mediaWearout":"100","modTs":"2023-07-25T23:48:52.320+00:00","model":"","monPolDn":"uni/fabric/monfab-default","mount":"/data2/third-party/containers/lib/storage/overlay/83f2d430937e289602d293e2cee89421dc3a4a65f5ed7ed777341ef6ea7f4e44/merged","name":"/data2/third-party/containers/lib/storage/overlay/83f2d430937e289602d293e2cee89421dc3a4a65f5ed7ed777341ef6ea7f4e44/merged","nameAlias":"","operSt":"ok","serial":"","status":"","used":"25781896"}}},{"eqptStorage":{"attributes":{"available":"64000","blocks":"64000","capUtilized":"0","childAction":"","device":"","dn":"topology/pod-1/node-1/sys/ch/p-[/data2/third-party/containers/lib/storage/overlay-containers/cf2b80a3db8b8c187cc3d31ec6d7260611b0763a05c80ff03b9baf8b20df6d72/userdata/shm]-f-[shm]","failReason":"","fileSystem":"shm","firmwareVersion":"","inodesFree":"16455292","inodesTotal":"16455293","inodesUsed":"1","inodesUtilized":"1","lcOwn":"local","mediaWearout":"100","modTs":"2023-07-14T15:42:34.479+00:00","model":"","monPolDn":"uni/fabric/monfab-default","mount":"/data2/third-party/containers/lib/storage/overlay-containers/cf2b80a3db8b8c187cc3d31ec6d7260611b0763a05c80ff03b9baf8b20df6d72/userdata/shm","name":"/data2/third-party/containers/lib/storage/overlay-containers/cf2b80a3db8b8c187cc3d31ec6d7260611b0763a05c80ff03b9baf8b20df6d72/userdata/shm","nameAlias":"","operSt":"ok","serial":"","status":"","used":"unspecified"}}},{"eqptStorage":{"attributes":{"available":"675454996","blocks":"738792296","capUtilized":"4","childAction":"","device":"","dn":"topology/pod-1/node-1/sys/ch/p-[/data2/third-party/containers/lib/storage/overlay/552af29c4469d74069927f1d6bcaa1773995244e5e46ee37ca1f4eea8a949390/merged]-f-[overlay]","failReason":"","fileSystem":"overlay","firmwareVersion":"","inodesFree":"46528972","inodesTotal":"46923776","inodesUsed":"394804","inodesUtilized":"1","lcOwn":"local","mediaWearout":"100","modTs":"2023-07-25T23:48:52.320+00:00","model":"","monPolDn":"uni/fabric/monfab-default","mount":"/data2/third-party/containers/lib/storage/overlay/552af29c4469d74069927f1d6bcaa1773995244e5e46ee37ca1f4eea8a949390/merged","name":"/data2/third-party/containers/lib/storage/overlay/552af29c4469d74069927f1d6bcaa1773995244e5e46ee37ca1f4eea8a949390/merged","nameAlias":"","operSt":"ok","serial":"","status":"","used":"25781896"}}},{"eqptStorage":{"attributes":{"available":"64000","blocks":"64000","capUtilized":"0","childAction":"","device":"","dn":"topology/pod-1/node-1/sys/ch/p-[/data2/third-party/containers/lib/storage/overlay-containers/d560e4e42e5d95e1ae3d529d8590ab36d676319c4427b17a3ae59154bab5e91f/userdata/shm]-f-[shm]","failReason":"","fileSystem":"shm","firmwareVersion":"","inodesFree":"16455292","inodesTotal":"16455293","inodesUsed":"1","inodesUtilized":"1","lcOwn":"local","mediaWearout":"100","modTs":"2023-07-14T15:43:16.128+00:00","model":"","monPolDn":"uni/fabric/monfab-default","mount":"/data2/third-party/containers/lib/storage/overlay-containers/d560e4e42e5d95e1ae3d529d8590ab36d676319c4427b17a3ae59154bab5e91f/userdata/shm","name":"/data2/third-party/containers/lib/storage/overlay-containers/d560e4e42e5d95e1ae3d529d8590ab36d676319c4427b17a3ae59154bab5e91f/userdata/shm","nameAlias":"","operSt":"ok","serial":"","status":"","used":"unspecified"}}},{"eqptStorage":{"attributes":{"available":"675454996","blocks":"738792296","capUtilized":"4","childAction":"","device":"","dn":"topology/pod-1/node-1/sys/ch/p-[/data2/third-party/containers/lib/storage/overlay/e796dc2d131bd7d5d9eed4a5384b9979750c73781fbd1bcb51daff5a6233797a/merged]-f-[overlay]","failReason":"","fileSystem":"overlay","firmwareVersion":"","inodesFree":"46528972","inodesTotal":"46923776","inodesUsed":"394804","inodesUtilized":"1","lcOwn":"local","mediaWearout":"100","modTs":"2023-07-25T23:48:52.320+00:00","model":"","monPolDn":"uni/fabric/monfab-default","mount":"/data2/third-party/containers/lib/storage/overlay/e796dc2d131bd7d5d9eed4a5384b9979750c73781fbd1bcb51daff5a6233797a/merged","name":"/data2/third-party/containers/lib/storage/overlay/e796dc2d131bd7d5d9eed4a5384b9979750c73781fbd1bcb51daff5a6233797a/merged","nameAlias":"","operSt":"ok","serial":"","status":"","used":"25781896"}}},{"eqptStorage":{"attributes":{"available":"1024","blocks":"1024","capUtilized":"0","childAction":"","device":"","dn":"topology/pod-1/node-1/sys/ch/p-[/data2/third-party/nomad_client/data/alloc/bf149170-b4e7-7001-96c0-0df6f149f403/kafka/secrets]-f-[tmpfs]","failReason":"","fileSystem":"tmpfs","firmwareVersion":"","inodesFree":"16455291","inodesTotal":"16455293","inodesUsed":"2","inodesUtilized":"1","lcOwn":"local","mediaWearout":"100","modTs":"2023-07-14T15:44:09.699+00:00","model":"","monPolDn":"uni/fabric/monfab-default","mount":"/data2/third-party/nomad_client/data/alloc/bf149170-b4e7-7001-96c0-0df6f149f403/kafka/secrets","name":"/data2/third-party/nomad_client/data/alloc/bf149170-b4e7-7001-96c0-0df6f149f403/kafka/secrets","nameAlias":"","operSt":"ok","serial":"","status":"","used":"unspecified"}}}]}