{"totalCount":"3","imdata":[{"eqptSupC":{"attributes":{"childAction":"","cimcVersion":"","descr":"48x10\/25G","dn":"topology/pod-1/node-1101/sys/ch/supslot-1/sup","fwVer":"","hwVer":"2.0","id":"1","macB":"50-0f-80-3f-1f-93","macE":"","macL":"72","mfgTm":"2017-06-26T00:00:00.000+00:00","modTs":"2023-07-14T15:29:51.758+00:00","model":"N9K-C93180YC-EX","monPolDn":"uni/fabric/monfab-default","numP":"48","operSt":"online","partNumber":"","pwrSt":"on","rdSt":"active","rev":"B0","ser":"FDO21261M4H","status":"","swCId":"262","swVer":"","type":"supervisor","upTs":"2023-07-14T15:29:51.758+00:00","vId":"V01","vdrId":"","vendor":"Cisco Systems, Inc."}}},{"eqptSupC":{"attributes":{"childAction":"","cimcVersion":"","descr":"36p 40GbE Ethernet Switch","dn":"topology/pod-1/node-1201/sys/ch/supslot-1/sup","fwVer":"","hwVer":"2.0","id":"1","macB":"88-f0-31-2b-c2-51","macE":"","macL":"0","mfgTm":"2014-06-09T00:00:00.000+00:00","modTs":"2023-07-14T15:22:19.658+00:00","model":"N9K-C9336PQ","monPolDn":"uni/fabric/monfab-default","numP":"0","operSt":"online","partNumber":"","pwrSt":"on","rdSt":"active","rev":"D0","ser":"SAL1824UGG7","status":"","swCId":"245","swVer":"","type":"supervisor","upTs":"2023-07-14T15:22:19.658+00:00","vId":"V02","vdrId":"","vendor":"Cisco Systems, Inc."}}},{"eqptSupC":{"attributes":{"childAction":"","cimcVersion":"","descr":"48x10\/25G","dn":"topology/pod-1/node-1102/sys/ch/supslot-1/sup","fwVer":"","hwVer":"1.0","id":"1","macB":"2c-d0-2d-22-ea-dd","macE":"","macL":"72","mfgTm":"2016-11-14T00:00:00.000+00:00","modTs":"2023-07-14T15:29:13.459+00:00","model":"N9K-C93180YC-EX","monPolDn":"uni/fabric/monfab-default","numP":"48","operSt":"online","partNumber":"","pwrSt":"on","rdSt":"active","rev":"A0","ser":"FDO20461JKP","status":"","swCId":"262","swVer":"","type":"supervisor","upTs":"2023-07-14T15:29:13.459+00:00","vId":"V01","vdrId":"","vendor":"Cisco Systems, Inc."}}}]}