{"totalCount":"3","imdata":[{"eqptcapacityL2RemoteUsage5min":{"attributes":{"childAction":"","cnt":"5","dn":"topology/pod-1/node-1101/sys/eqptcapacity/CDeqptcapacityL2RemoteUsage5min","lastCollOffset":"50","modTs":"never","remoteEpAvg":"0","remoteEpCapAvg":"0","remoteEpCapLast":"0","remoteEpCapMax":"0","remoteEpCapMin":"0","remoteEpCapSpct":"0","remoteEpCapThr":"","remoteEpCapTr":"0","remoteEpCapTrBase":"0","remoteEpCapTtl":"0","remoteEpLast":"0","remoteEpMax":"0","remoteEpMin":"0","remoteEpSpct":"0","remoteEpThr":"","remoteEpTr":"0","remoteEpTrBase":"0","remoteEpTtl":"0","remoteNormalizedAvg":"0","remoteNormalizedLast":"0","remoteNormalizedMax":"0","remoteNormalizedMin":"0","remoteNormalizedSpct":"0","remoteNormalizedThr":"","remoteNormalizedTr":"0","remoteNormalizedTrBase":"0","remoteNormalizedTtl":"0","repIntvEnd":"2023-07-25T23:50:48.405+00:00","repIntvStart":"2023-07-25T23:49:58.403+00:00","status":""}}},{"eqptcapacityL2RemoteUsage5min":{"attributes":{"childAction":"","cnt":"1","dn":"topology/pod-1/node-1102/sys/eqptcapacity/CDeqptcapacityL2RemoteUsage5min","lastCollOffset":"9","modTs":"never","remoteEpAvg":"0","remoteEpCapAvg":"0","remoteEpCapLast":"0","remoteEpCapMax":"0","remoteEpCapMin":"0","remoteEpCapSpct":"0","remoteEpCapThr":"","remoteEpCapTr":"0","remoteEpCapTrBase":"0","remoteEpCapTtl":"0","remoteEpLast":"0","remoteEpMax":"0","remoteEpMin":"0","remoteEpSpct":"0","remoteEpThr":"","remoteEpTr":"0","remoteEpTrBase":"0","remoteEpTtl":"0","remoteNormalizedAvg":"0","remoteNormalizedLast":"0","remoteNormalizedMax":"0","remoteNormalizedMin":"0","remoteNormalizedSpct":"0","remoteNormalizedThr":"","remoteNormalizedTr":"0","remoteNormalizedTrBase":"0","remoteNormalizedTtl":"0","repIntvEnd":"2023-07-25T23:50:02.703+00:00","repIntvStart":"2023-07-25T23:49:52.718+00:00","status":""}}},{"eqptcapacityL2RemoteUsage5min":{"attributes":{"childAction":"","cnt":"20","dn":"topology/pod-1/node-1201/sys/eqptcapacity/CDeqptcapacityL2RemoteUsage5min","lastCollOffset":"100","modTs":"never","remoteEpAvg":"0","remoteEpCapAvg":"0","remoteEpCapLast":"0","remoteEpCapMax":"0","remoteEpCapMin":"0","remoteEpCapSpct":"0","remoteEpCapThr":"","remoteEpCapTr":"0","remoteEpCapTrBase":"0","remoteEpCapTtl":"0","remoteEpLast":"0","remoteEpMax":"0","remoteEpMin":"0","remoteEpSpct":"0","remoteEpThr":"","remoteEpTr":"0","remoteEpTrBase":"0","remoteEpTtl":"0","remoteNormalizedAvg":"0","remoteNormalizedLast":"0","remoteNormalizedMax":"0","remoteNormalizedMin":"0","remoteNormalizedSpct":"0","remoteNormalizedThr":"","remoteNormalizedTr":"0","remoteNormalizedTrBase":"0","remoteNormalizedTtl":"0","repIntvEnd":"2023-07-25T23:41:25.560+00:00","repIntvStart":"2023-07-25T23:39:45.548+00:00","status":""}}}]}