{"totalCount":"3","imdata":[{"eqptcapacityL2Usage5min":{"attributes":{"childAction":"","cnt":"1","dn":"topology/pod-1/node-1102/sys/eqptcapacity/CDeqptcapacityL2Usage5min","lastCollOffset":"9","localEpAvg":"11","localEpCapAvg":"65536","localEpCapLast":"65536","localEpCapMax":"65536","localEpCapMin":"65536","localEpCapSpct":"0","localEpCapThr":"","localEpCapTr":"0","localEpCapTrBase":"65536","localEpCapTtl":"65536","localEpLast":"11","localEpMax":"11","localEpMin":"11","localEpSpct":"0","localEpThr":"","localEpTr":"0","localEpTrBase":"11","localEpTtl":"11","modTs":"never","normalizedAvg":"0","normalizedLast":"0","normalizedMax":"0","normalizedMin":"0","normalizedSpct":"0","normalizedThr":"","normalizedTr":"0","normalizedTrBase":"0","normalizedTtl":"0","repIntvEnd":"2023-07-25T23:50:02.703+00:00","repIntvStart":"2023-07-25T23:49:52.718+00:00","status":""}}},{"eqptcapacityL2Usage5min":{"attributes":{"childAction":"","cnt":"22","dn":"topology/pod-1/node-1201/sys/eqptcapacity/CDeqptcapacityL2Usage5min","lastCollOffset":"110","localEpAvg":"0","localEpCapAvg":"0","localEpCapLast":"0","localEpCapMax":"0","localEpCapMin":"0","localEpCapSpct":"0","localEpCapThr":"","localEpCapTr":"0","localEpCapTrBase":"0","localEpCapTtl":"0","localEpLast":"0","localEpMax":"0","localEpMin":"0","localEpSpct":"0","localEpThr":"","localEpTr":"0","localEpTrBase":"0","localEpTtl":"0","modTs":"never","normalizedAvg":"0","normalizedLast":"0","normalizedMax":"0","normalizedMin":"0","normalizedSpct":"0","normalizedThr":"","normalizedTr":"0","normalizedTrBase":"0","normalizedTtl":"0","repIntvEnd":"2023-07-25T23:41:35.559+00:00","repIntvStart":"2023-07-25T23:39:45.548+00:00","status":""}}},{"eqptcapacityL2Usage5min":{"attributes":{"childAction":"","cnt":"5","dn":"topology/pod-1/node-1101/sys/eqptcapacity/CDeqptcapacityL2Usage5min","lastCollOffset":"50","localEpAvg":"6","localEpCapAvg":"65536","localEpCapLast":"65536","localEpCapMax":"65536","localEpCapMin":"65536","localEpCapSpct":"0","localEpCapThr":"","localEpCapTr":"0","localEpCapTrBase":"65536","localEpCapTtl":"327680","localEpLast":"6","localEpMax":"6","localEpMin":"6","localEpSpct":"0","localEpThr":"","localEpTr":"0","localEpTrBase":"6","localEpTtl":"30","modTs":"never","normalizedAvg":"0","normalizedLast":"0","normalizedMax":"0","normalizedMin":"0","normalizedSpct":"0","normalizedThr":"","normalizedTr":"0","normalizedTrBase":"0","normalizedTtl":"0","repIntvEnd":"2023-07-25T23:50:48.405+00:00","repIntvStart":"2023-07-25T23:49:58.403+00:00","status":""}}}]}