{"totalCount":"3","imdata":[{"eqptcapacityL3TotalUsage5min":{"attributes":{"childAction":"","cnt":"5","dn":"topology/pod-1/node-1101/sys/eqptcapacity/CDeqptcapacityL3TotalUsage5min","lastCollOffset":"50","modTs":"never","repIntvEnd":"2023-07-25T23:50:48.406+00:00","repIntvStart":"2023-07-25T23:49:58.403+00:00","status":"","v4TotalEpAvg":"3","v4TotalEpLast":"3","v4TotalEpMax":"3","v4TotalEpMin":"3","v4TotalEpSpct":"0","v4TotalEpThr":"","v4TotalEpTr":"0","v4TotalEpTrBase":"3","v4TotalEpTtl":"15","v6TotalEpAvg":"0","v6TotalEpLast":"0","v6TotalEpMax":"0","v6TotalEpMin":"0","v6TotalEpSpct":"0","v6TotalEpThr":"","v6TotalEpTr":"0","v6TotalEpTrBase":"0","v6TotalEpTtl":"0"}}},{"eqptcapacityL3TotalUsage5min":{"attributes":{"childAction":"","cnt":"22","dn":"topology/pod-1/node-1201/sys/eqptcapacity/CDeqptcapacityL3TotalUsage5min","lastCollOffset":"110","modTs":"never","repIntvEnd":"2023-07-25T23:41:35.559+00:00","repIntvStart":"2023-07-25T23:39:45.548+00:00","status":"","v4TotalEpAvg":"0","v4TotalEpLast":"0","v4TotalEpMax":"0","v4TotalEpMin":"0","v4TotalEpSpct":"0","v4TotalEpThr":"","v4TotalEpTr":"0","v4TotalEpTrBase":"0","v4TotalEpTtl":"0","v6TotalEpAvg":"0","v6TotalEpLast":"0","v6TotalEpMax":"0","v6TotalEpMin":"0","v6TotalEpSpct":"0","v6TotalEpThr":"","v6TotalEpTr":"0","v6TotalEpTrBase":"0","v6TotalEpTtl":"0"}}},{"eqptcapacityL3TotalUsage5min":{"attributes":{"childAction":"","cnt":"1","dn":"topology/pod-1/node-1102/sys/eqptcapacity/CDeqptcapacityL3TotalUsage5min","lastCollOffset":"9","modTs":"never","repIntvEnd":"2023-07-25T23:50:02.704+00:00","repIntvStart":"2023-07-25T23:49:52.718+00:00","status":"","v4TotalEpAvg":"3","v4TotalEpLast":"3","v4TotalEpMax":"3","v4TotalEpMin":"3","v4TotalEpSpct":"0","v4TotalEpThr":"","v4TotalEpTr":"0","v4TotalEpTrBase":"3","v4TotalEpTtl":"3","v6TotalEpAvg":"0","v6TotalEpLast":"0","v6TotalEpMax":"0","v6TotalEpMin":"0","v6TotalEpSpct":"0","v6TotalEpThr":"","v6TotalEpTr":"0","v6TotalEpTrBase":"0","v6TotalEpTtl":"0"}}}]}