{"totalCount":"3","imdata":[{"eqptcapacityVlanUsage5min":{"attributes":{"childAction":"","cnt":"1","dn":"topology/pod-1/node-1102/sys/eqptcapacity/CDeqptcapacityVlanUsage5min","lastCollOffset":"9","modTs":"never","repIntvEnd":"2023-07-25T23:50:02.704+00:00","repIntvStart":"2023-07-25T23:49:52.718+00:00","status":"","totalAvg":"0","totalBase":"0","totalCapAvg":"0","totalCapBase":"0","totalCapCum":"3960","totalCapLast":"0","totalCapMax":"0","totalCapMin":"0","totalCapPer":"0","totalCapRate":"0.000000","totalCapSpct":"0","totalCapThr":"","totalCapTr":"0","totalCapTrBase":"0","totalCum":"8","totalLast":"0","totalMax":"0","totalMin":"0","totalPer":"0","totalRate":"0.000000","totalSpct":"0","totalThr":"","totalTr":"0","totalTrBase":"0"}}},{"eqptcapacityVlanUsage5min":{"attributes":{"childAction":"","cnt":"5","dn":"topology/pod-1/node-1101/sys/eqptcapacity/CDeqptcapacityVlanUsage5min","lastCollOffset":"50","modTs":"never","repIntvEnd":"2023-07-25T23:50:48.406+00:00","repIntvStart":"2023-07-25T23:49:58.403+00:00","status":"","totalAvg":"0","totalBase":"0","totalCapAvg":"0","totalCapBase":"0","totalCapCum":"3960","totalCapLast":"0","totalCapMax":"0","totalCapMin":"0","totalCapPer":"0","totalCapRate":"0.000000","totalCapSpct":"0","totalCapThr":"","totalCapTr":"0","totalCapTrBase":"0","totalCum":"7","totalLast":"0","totalMax":"0","totalMin":"0","totalPer":"0","totalRate":"0.000000","totalSpct":"0","totalThr":"","totalTr":"0","totalTrBase":"0"}}},{"eqptcapacityVlanUsage5min":{"attributes":{"childAction":"","cnt":"11","dn":"topology/pod-1/node-1201/sys/eqptcapacity/CDeqptcapacityVlanUsage5min","lastCollOffset":"110","modTs":"never","repIntvEnd":"2023-07-25T23:41:35.559+00:00","repIntvStart":"2023-07-25T23:39:45.548+00:00","status":"","totalAvg":"0","totalBase":"0","totalCapAvg":"0","totalCapBase":"0","totalCapCum":"0","totalCapLast":"0","totalCapMax":"0","totalCapMin":"0","totalCapPer":"0","totalCapRate":"0.000000","totalCapSpct":"0","totalCapThr":"","totalCapTr":"0","totalCapTrBase":"0","totalCum":"0","totalLast":"0","totalMax":"0","totalMin":"0","totalPer":"0","totalRate":"0.000000","totalSpct":"0","totalThr":"","totalTr":"0","totalTrBase":"0"}}}]}