{"totalCount":"3","imdata":[{"eqptFlash":{"attributes":{"acc":"read-write","cap":"61057","childAction":"","cimcVersion":"","deltape":"3","descr":"flash","dn":"topology/pod-1/node-1101/sys/ch/supslot-1/sup/flash","gbb":"0","id":"1","lba":"0","lifetime":"20","majorAlarm":"no","mfgTm":"2023-07-14T15:29:51.766+00:00","minorAlarm":"no","modTs":"2023-07-25T15:26:08.834+00:00","model":"Micron_M600_MTFDDAT064MBF","monPolDn":"uni/fabric/monfab-default","operSt":"ok","peCycles":"1047","readErr":"0","rev":"MC04","ser":"MSA21200NBL","status":"","tbw":"5.784914","type":"flash","vendor":"Micron","warning":"no","wlc":"0"}}},{"eqptFlash":{"attributes":{"acc":"read-write","cap":"61057","childAction":"","cimcVersion":"","deltape":"3","descr":"flash","dn":"topology/pod-1/node-1102/sys/ch/supslot-1/sup/flash","gbb":"0","id":"1","lba":"0","lifetime":"11","majorAlarm":"no","mfgTm":"2023-07-14T15:29:13.493+00:00","minorAlarm":"no","modTs":"2023-07-25T15:28:29.413+00:00","model":"Micron_M600_MTFDDAT064MBF","monPolDn":"uni/fabric/monfab-default","operSt":"ok","peCycles":"567","readErr":"0","rev":"MC04","ser":"MSA2039093B","status":"","tbw":"3.796426","type":"flash","vendor":"Micron","warning":"no","wlc":"0"}}},{"eqptFlash":{"attributes":{"acc":"read-write","cap":"61057","childAction":"","cimcVersion":"","deltape":"0","descr":"flash","dn":"topology/pod-1/node-1201/sys/ch/supslot-1/sup/flash","gbb":"0","id":"1","lba":"0","lifetime":"19","majorAlarm":"no","mfgTm":"2023-07-14T15:22:19.724+00:00","minorAlarm":"no","modTs":"2023-07-25T15:20:51.647+00:00","model":"Micron_M550_MTFDDAT064MAY","monPolDn":"uni/fabric/monfab-default","operSt":"ok","peCycles":"2989","readErr":"0","rev":"MU03","ser":"14100C07DF46","status":"","tbw":"5.942677","type":"flash","vendor":"Micron","warning":"no","wlc":"0"}}}]}