{"totalCount":"3","imdata":[{"eqptcapacityL3Usage5min":{"attributes":{"childAction":"","cnt":"5","dn":"topology/pod-1/node-1101/sys/eqptcapacity/CDeqptcapacityL3Usage5min","lastCollOffset":"50","localEpAvg":"3","localEpLast":"3","localEpMax":"3","localEpMin":"3","localEpSpct":"0","localEpThr":"","localEpTr":"0","localEpTrBase":"3","localEpTtl":"15","modTs":"never","repIntvEnd":"2023-07-25T23:50:48.406+00:00","repIntvStart":"2023-07-25T23:49:58.403+00:00","status":"","v4LocalEpAvg":"3","v4LocalEpLast":"3","v4LocalEpMax":"3","v4LocalEpMin":"3","v4LocalEpSpct":"0","v4LocalEpThr":"","v4LocalEpTr":"0","v4LocalEpTrBase":"3","v4LocalEpTtl":"15","v6LocalEpAvg":"0","v6LocalEpLast":"0","v6LocalEpMax":"0","v6LocalEpMin":"0","v6LocalEpSpct":"0","v6LocalEpThr":"","v6LocalEpTr":"0","v6LocalEpTrBase":"0","v6LocalEpTtl":"0"}}},{"eqptcapacityL3Usage5min":{"attributes":{"childAction":"","cnt":"1","dn":"topology/pod-1/node-1102/sys/eqptcapacity/CDeqptcapacityL3Usage5min","lastCollOffset":"9","localEpAvg":"2","localEpLast":"2","localEpMax":"2","localEpMin":"2","localEpSpct":"0","localEpThr":"","localEpTr":"0","localEpTrBase":"2","localEpTtl":"2","modTs":"never","repIntvEnd":"2023-07-25T23:50:02.704+00:00","repIntvStart":"2023-07-25T23:49:52.718+00:00","status":"","v4LocalEpAvg":"2","v4LocalEpLast":"2","v4LocalEpMax":"2","v4LocalEpMin":"2","v4LocalEpSpct":"0","v4LocalEpThr":"","v4LocalEpTr":"0","v4LocalEpTrBase":"2","v4LocalEpTtl":"2","v6LocalEpAvg":"0","v6LocalEpLast":"0","v6LocalEpMax":"0","v6LocalEpMin":"0","v6LocalEpSpct":"0","v6LocalEpThr":"","v6LocalEpTr":"0","v6LocalEpTrBase":"0","v6LocalEpTtl":"0"}}},{"eqptcapacityL3Usage5min":{"attributes":{"childAction":"","cnt":"22","dn":"topology/pod-1/node-1201/sys/eqptcapacity/CDeqptcapacityL3Usage5min","lastCollOffset":"110","localEpAvg":"0","localEpLast":"0","localEpMax":"0","localEpMin":"0","localEpSpct":"0","localEpThr":"","localEpTr":"0","localEpTrBase":"0","localEpTtl":"0","modTs":"never","repIntvEnd":"2023-07-25T23:41:35.559+00:00","repIntvStart":"2023-07-25T23:39:45.548+00:00","status":"","v4LocalEpAvg":"0","v4LocalEpLast":"0","v4LocalEpMax":"0","v4LocalEpMin":"0","v4LocalEpSpct":"0","v4LocalEpThr":"","v4LocalEpTr":"0","v4LocalEpTrBase":"0","v4LocalEpTtl":"0","v6LocalEpAvg":"0","v6LocalEpLast":"0","v6LocalEpMax":"0","v6LocalEpMin":"0","v6LocalEpSpct":"0","v6LocalEpThr":"","v6LocalEpTr":"0","v6LocalEpTrBase":"0","v6LocalEpTtl":"0"}}}]}