{"totalCount":"3","imdata":[{"eqptcapacityPolUsage5min":{"attributes":{"childAction":"","cnt":"5","dn":"topology/pod-1/node-1101/sys/eqptcapacity/CDeqptcapacityPolUsage5min","lastCollOffset":"50","modTs":"never","polUsageAvg":"0","polUsageBase":"0","polUsageCapAvg":"0","polUsageCapBase":"0","polUsageCapCum":"8192","polUsageCapLast":"0","polUsageCapMax":"0","polUsageCapMin":"0","polUsageCapPer":"0","polUsageCapRate":"0.000000","polUsageCapSpct":"0","polUsageCapThr":"","polUsageCapTr":"0","polUsageCapTrBase":"0","polUsageCum":"76","polUsageLast":"0","polUsageMax":"0","polUsageMin":"0","polUsagePer":"0","polUsageRate":"0.000000","polUsageSpct":"0","polUsageThr":"","polUsageTr":"0","polUsageTrBase":"0","repIntvEnd":"2023-07-25T23:50:48.406+00:00","repIntvStart":"2023-07-25T23:49:58.403+00:00","status":""}}},{"eqptcapacityPolUsage5min":{"attributes":{"childAction":"","cnt":"1","dn":"topology/pod-1/node-1102/sys/eqptcapacity/CDeqptcapacityPolUsage5min","lastCollOffset":"9","modTs":"never","polUsageAvg":"0","polUsageBase":"0","polUsageCapAvg":"0","polUsageCapBase":"0","polUsageCapCum":"8192","polUsageCapLast":"0","polUsageCapMax":"0","polUsageCapMin":"0","polUsageCapPer":"0","polUsageCapRate":"0.000000","polUsageCapSpct":"0","polUsageCapThr":"","polUsageCapTr":"0","polUsageCapTrBase":"0","polUsageCum":"73","polUsageLast":"0","polUsageMax":"0","polUsageMin":"0","polUsagePer":"0","polUsageRate":"0.000000","polUsageSpct":"0","polUsageThr":"","polUsageTr":"0","polUsageTrBase":"0","repIntvEnd":"2023-07-25T23:50:02.704+00:00","repIntvStart":"2023-07-25T23:49:52.718+00:00","status":""}}},{"eqptcapacityPolUsage5min":{"attributes":{"childAction":"","cnt":"22","dn":"topology/pod-1/node-1201/sys/eqptcapacity/CDeqptcapacityPolUsage5min","lastCollOffset":"110","modTs":"never","polUsageAvg":"0","polUsageBase":"0","polUsageCapAvg":"0","polUsageCapBase":"0","polUsageCapCum":"0","polUsageCapLast":"0","polUsageCapMax":"0","polUsageCapMin":"0","polUsageCapPer":"0","polUsageCapRate":"0.000000","polUsageCapSpct":"0","polUsageCapThr":"","polUsageCapTr":"0","polUsageCapTrBase":"0","polUsageCum":"0","polUsageLast":"0","polUsageMax":"0","polUsageMin":"0","polUsagePer":"0","polUsageRate":"0.000000","polUsageSpct":"0","polUsageThr":"","polUsageTr":"0","polUsageTrBase":"0","repIntvEnd":"2023-07-25T23:41:35.559+00:00","repIntvStart":"2023-07-25T23:39:45.548+00:00","status":""}}}]}