{"totalCount":"2","imdata":[{"fabricSetupP":{"attributes":{"annotation":"","childAction":"","configIssues":"","descr":"","dn":"uni/controller/setuppol/setupp-1","extMngdBy":"","lcOwn":"local","modTs":"2022-09-19T12:46:11.975+00:00","monPolDn":"uni/fabric/monfab-default","name":"","nameAlias":"","podId":"1","podType":"physical","status":"","tepPool":"10.1.0.0/16","uid":"0","userdom":"all"}}},{"fabricSetupP":{"attributes":{"annotation":"","childAction":"","configIssues":"","descr":"","dn":"uni/controller/setuppol/setupp-2","extMngdBy":"","lcOwn":"local","modTs":"2022-09-19T14:33:04.622+00:00","monPolDn":"uni/fabric/monfab-default","name":"","nameAlias":"","podId":"2","podType":"physical","status":"","tepPool":"10.2.0.0/16","uid":"15374","userdom":"all"}}}]}