{"totalCount":"1","imdata":[{"fabricRsTimePol":{"attributes":{"annotation":"","childAction":"","dn":"uni/fabric/funcprof/podpgrp-all/rsTimePol","extMngdBy":"","forceResolve":"yes","lcOwn":"local","modTs":"2022-09-19T14:33:07.901+00:00","monPolDn":"uni/fabric/monfab-default","rType":"mo","state":"formed","stateQual":"default-target","status":"","tCl":"datetimePol","tContextDn":"","tDn":"uni/fabric/time-default","tRn":"time-default","tType":"name","tnDatetimePolName":"","uid":"0","userdom":"all"}}}]}