{"totalCount":"2","imdata":[{"fabricNodePEp":{"attributes":{"annotation":"","childAction":"","descr":"","dn":"uni/fabric/protpol/expgep-2101-2102/nodepep-2101","extMngdBy":"","id":"2101","lcOwn":"local","mgmtIp":"0.0.0.0","modTs":"2022-09-20T09:05:58.689+00:00","monPolDn":"uni/fabric/monfab-default","name":"","nameAlias":"","peerIp":"10.2.216.66/32","podId":"2","status":"","uid":"15374","userdom":":all:"}}},{"fabricNodePEp":{"attributes":{"annotation":"","childAction":"","descr":"","dn":"uni/fabric/protpol/expgep-2101-2102/nodepep-2102","extMngdBy":"","id":"2102","lcOwn":"local","mgmtIp":"0.0.0.0","modTs":"2022-09-20T09:06:05.753+00:00","monPolDn":"uni/fabric/monfab-default","name":"","nameAlias":"","peerIp":"10.2.216.65/32","podId":"2","status":"","uid":"15374","userdom":":all:"}}}]}