{"totalCount":"3","imdata":[{"fabricHealthTotal":{"attributes":{"childAction":"","chng":"18","cur":"35","dn":"topology/health","lcOwn":"local","maxSev":"info","modTs":"2023-07-25T00:13:56.982+00:00","prev":"17","status":"","twScore":"0","updTs":"2023-07-25T00:13:34.668+00:00"}}},{"fabricHealthTotal":{"attributes":{"childAction":"","chng":"-32","cur":"0","dn":"topology/pod-2/health","lcOwn":"local","maxSev":"info","modTs":"2023-06-20T19:38:12.300+00:00","prev":"32","status":"","twScore":"0","updTs":"2023-06-20T19:37:50.535+00:00"}}},{"fabricHealthTotal":{"attributes":{"childAction":"","chng":"35","cur":"70","dn":"topology/pod-1/health","lcOwn":"local","maxSev":"info","modTs":"2023-07-25T00:13:56.982+00:00","prev":"35","status":"","twScore":"0","updTs":"2023-07-25T00:13:34.668+00:00"}}}]}