{"totalCount":"12","imdata":[{"fabricNodeBlk":{"attributes":{"annotation":"","childAction":"","descr":"","dn":"uni/fabric/fwgrp-POD2/nodeblk-blk2101-2101","extMngdBy":"","from_":"2101","lcOwn":"local","modTs":"2023-04-14T09:08:15.144+00:00","name":"blk2101-2101","nameAlias":"","status":"","to_":"2101","uid":"0","userdom":"all"}}},{"fabricNodeBlk":{"attributes":{"annotation":"","childAction":"","descr":"","dn":"uni/fabric/maintgrp-POD2/nodeblk-blk2101-2101","extMngdBy":"","from_":"2101","lcOwn":"local","modTs":"2023-04-14T09:08:15.144+00:00","name":"blk2101-2101","nameAlias":"","status":"","to_":"2101","uid":"15374","userdom":":all:"}}},{"fabricNodeBlk":{"attributes":{"annotation":"","childAction":"","descr":"","dn":"uni/fabric/fwgrp-POD2/nodeblk-blk2201-2201","extMngdBy":"","from_":"2201","lcOwn":"local","modTs":"2023-04-14T09:08:15.144+00:00","name":"blk2201-2201","nameAlias":"","status":"","to_":"2201","uid":"0","userdom":"all"}}},{"fabricNodeBlk":{"attributes":{"annotation":"","childAction":"","descr":"","dn":"uni/fabric/fwgrp-POD2/nodeblk-blk2102-2102","extMngdBy":"","from_":"2102","lcOwn":"local","modTs":"2023-04-14T09:08:15.144+00:00","name":"blk2102-2102","nameAlias":"","status":"","to_":"2102","uid":"0","userdom":"all"}}},{"fabricNodeBlk":{"attributes":{"annotation":"","childAction":"","descr":"","dn":"uni/fabric/maintgrp-POD2/nodeblk-blk2201-2201","extMngdBy":"","from_":"2201","lcOwn":"local","modTs":"2023-04-14T09:08:15.144+00:00","name":"blk2201-2201","nameAlias":"","status":"","to_":"2201","uid":"15374","userdom":":all:"}}},{"fabricNodeBlk":{"attributes":{"annotation":"","childAction":"","descr":"","dn":"uni/fabric/maintgrp-POD2/nodeblk-blk2102-2102","extMngdBy":"","from_":"2102","lcOwn":"local","modTs":"2023-04-14T09:08:15.144+00:00","name":"blk2102-2102","nameAlias":"","status":"","to_":"2102","uid":"15374","userdom":":all:"}}},{"fabricNodeBlk":{"attributes":{"annotation":"","childAction":"","descr":"","dn":"uni/fabric/maintgrp-POD1/nodeblk-blk1102-1102","extMngdBy":"","from_":"1102","lcOwn":"local","modTs":"2023-04-14T09:23:04.783+00:00","name":"blk1102-1102","nameAlias":"","status":"","to_":"1102","uid":"15374","userdom":":all:"}}},{"fabricNodeBlk":{"attributes":{"annotation":"","childAction":"","descr":"","dn":"uni/fabric/fwgrp-POD1/nodeblk-blk1201-1201","extMngdBy":"","from_":"1201","lcOwn":"local","modTs":"2023-04-14T09:23:04.783+00:00","name":"blk1201-1201","nameAlias":"","status":"","to_":"1201","uid":"0","userdom":"all"}}},{"fabricNodeBlk":{"attributes":{"annotation":"","childAction":"","descr":"","dn":"uni/fabric/fwgrp-POD1/nodeblk-blk1102-1102","extMngdBy":"","from_":"1102","lcOwn":"local","modTs":"2023-04-14T09:23:04.783+00:00","name":"blk1102-1102","nameAlias":"","status":"","to_":"1102","uid":"0","userdom":"all"}}},{"fabricNodeBlk":{"attributes":{"annotation":"","childAction":"","descr":"","dn":"uni/fabric/fwgrp-POD1/nodeblk-blk1101-1101","extMngdBy":"","from_":"1101","lcOwn":"local","modTs":"2023-04-14T09:23:04.783+00:00","name":"blk1101-1101","nameAlias":"","status":"","to_":"1101","uid":"0","userdom":"all"}}},{"fabricNodeBlk":{"attributes":{"annotation":"","childAction":"","descr":"","dn":"uni/fabric/maintgrp-POD1/nodeblk-blk1101-1101","extMngdBy":"","from_":"1101","lcOwn":"local","modTs":"2023-04-14T09:23:04.783+00:00","name":"blk1101-1101","nameAlias":"","status":"","to_":"1101","uid":"15374","userdom":":all:"}}},{"fabricNodeBlk":{"attributes":{"annotation":"","childAction":"","descr":"","dn":"uni/fabric/maintgrp-POD1/nodeblk-blk1201-1201","extMngdBy":"","from_":"1201","lcOwn":"local","modTs":"2023-04-14T09:23:04.783+00:00","name":"blk1201-1201","nameAlias":"","status":"","to_":"1201","uid":"15374","userdom":":all:"}}}]}