{"totalCount":"12","imdata":[{"fabricLink":{"attributes":{"childAction":"","dn":"topology/pod-1/lnkcnt-1101/lnk-1201-1-1-to-1101-1-53","lcOwn":"local","linkDescr":"1201-1/1 to  1101-1/53","linkState":"ok","modTs":"2023-07-14T15:39:13.330+00:00","monPolDn":"uni/fabric/monfab-default","n1":"1201","n2":"1101","p1":"1","p2":"53","r1":"spine","r2":"unsupported","s1":"1","s2":"1","sp1":"0","sp2":"0","status":"","wiringIssues":""}}},{"fabricLink":{"attributes":{"childAction":"","dn":"topology/pod-1/lnkcnt-1102/lnk-1201-1-2-to-1102-1-54","lcOwn":"local","linkDescr":"1201-1/2 to  1102-1/54","linkState":"ok","modTs":"2023-07-14T15:39:13.330+00:00","monPolDn":"uni/fabric/monfab-default","n1":"1201","n2":"1102","p1":"2","p2":"54","r1":"spine","r2":"unsupported","s1":"1","s2":"1","sp1":"0","sp2":"0","status":"","wiringIssues":""}}},{"fabricLink":{"attributes":{"childAction":"","dn":"topology/pod-2/lnkcnt-2201/lnk-2102-1-36-to-2201-1-2","lcOwn":"local","linkDescr":"2102-1/36 to  2201-1/2","linkState":"ok","modTs":"2023-06-14T03:33:10.115+00:00","monPolDn":"uni/fabric/monfab-default","n1":"2102","n2":"2201","p1":"36","p2":"2","r1":"leaf","r2":"unsupported","s1":"1","s2":"1","sp1":"0","sp2":"0","status":"","wiringIssues":""}}},{"fabricLink":{"attributes":{"childAction":"","dn":"topology/pod-2/lnkcnt-2101/lnk-2102-1-35-to-2101-1-35","lcOwn":"local","linkDescr":"2102-1/35 to  2101-1/35","linkState":"invalid","modTs":"2023-06-14T03:33:10.115+00:00","monPolDn":"uni/fabric/monfab-default","n1":"2102","n2":"2101","p1":"35","p2":"35","r1":"leaf","r2":"unsupported","s1":"1","s2":"1","sp1":"0","sp2":"0","status":"","wiringIssues":"wiring-mismatch"}}},{"fabricLink":{"attributes":{"childAction":"","dn":"topology/pod-1/lnkcnt-1201/lnk-1102-1-54-to-1201-1-2","lcOwn":"local","linkDescr":"1102-1/54 to  1201-1/2","linkState":"ok","modTs":"2023-07-14T15:44:17.629+00:00","monPolDn":"uni/fabric/monfab-default","n1":"1102","n2":"1201","p1":"54","p2":"2","r1":"leaf","r2":"unsupported","s1":"1","s2":"1","sp1":"0","sp2":"0","status":"","wiringIssues":""}}},{"fabricLink":{"attributes":{"childAction":"","dn":"topology/pod-1/lnkcnt-1/lnk-1102-1-47-to-1-2-2","lcOwn":"local","linkDescr":"1102-1/47 to  1-2/2","linkState":"ok","modTs":"2023-07-14T15:44:17.629+00:00","monPolDn":"uni/fabric/monfab-default","n1":"1102","n2":"1","p1":"47","p2":"2","r1":"leaf","r2":"unsupported","s1":"1","s2":"2","sp1":"0","sp2":"0","status":"","wiringIssues":""}}},{"fabricLink":{"attributes":{"childAction":"","dn":"topology/pod-1/lnkcnt-1/lnk-1101-1-48-to-1-2-1","lcOwn":"local","linkDescr":"1101-1/48 to  1-2/1","linkState":"ok","modTs":"2023-07-14T15:36:32.084+00:00","monPolDn":"uni/fabric/monfab-default","n1":"1101","n2":"1","p1":"48","p2":"1","r1":"leaf","r2":"unsupported","s1":"1","s2":"2","sp1":"0","sp2":"0","status":"","wiringIssues":""}}},{"fabricLink":{"attributes":{"childAction":"","dn":"topology/pod-1/lnkcnt-1201/lnk-1101-1-53-to-1201-1-1","lcOwn":"local","linkDescr":"1101-1/53 to  1201-1/1","linkState":"ok","modTs":"2023-07-14T15:36:46.990+00:00","monPolDn":"uni/fabric/monfab-default","n1":"1101","n2":"1201","p1":"53","p2":"1","r1":"leaf","r2":"unsupported","s1":"1","s2":"1","sp1":"0","sp2":"0","status":"","wiringIssues":""}}},{"fabricLink":{"attributes":{"childAction":"","dn":"topology/pod-1/lnkcnt-1101/lnk-1-2-1-to-1101-1-48","lcOwn":"local","linkDescr":"1-2/1 to  1101-1/48","linkState":"ok","modTs":"2023-07-14T15:36:50.796+00:00","monPolDn":"uni/fabric/monfab-default","n1":"1","n2":"1101","p1":"1","p2":"48","r1":"controller","r2":"unsupported","s1":"2","s2":"1","sp1":"0","sp2":"0","status":"","wiringIssues":""}}},{"fabricLink":{"attributes":{"childAction":"","dn":"topology/pod-1/lnkcnt-1102/lnk-1-2-2-to-1102-1-47","lcOwn":"local","linkDescr":"1-2/2 to  1102-1/47","linkState":"ok","modTs":"2023-07-14T15:39:31.272+00:00","monPolDn":"uni/fabric/monfab-default","n1":"1","n2":"1102","p1":"2","p2":"47","r1":"controller","r2":"unsupported","s1":"2","s2":"1","sp1":"0","sp2":"0","status":"","wiringIssues":""}}},{"fabricLink":{"attributes":{"childAction":"","dn":"topology/pod-2/lnkcnt-2201/lnk-2101-1-36-to-2201-1-1","lcOwn":"local","linkDescr":"2101-1/36 to  2201-1/1","linkState":"ok","modTs":"2023-06-14T03:33:05.330+00:00","monPolDn":"uni/fabric/monfab-default","n1":"2101","n2":"2201","p1":"36","p2":"1","r1":"leaf","r2":"unsupported","s1":"1","s2":"1","sp1":"0","sp2":"0","status":"","wiringIssues":""}}},{"fabricLink":{"attributes":{"childAction":"","dn":"topology/pod-2/lnkcnt-2102/lnk-2101-1-35-to-2102-1-35","lcOwn":"local","linkDescr":"2101-1/35 to  2102-1/35","linkState":"invalid","modTs":"2023-06-14T03:33:05.330+00:00","monPolDn":"uni/fabric/monfab-default","n1":"2101","n2":"2102","p1":"35","p2":"35","r1":"leaf","r2":"unsupported","s1":"1","s2":"1","sp1":"0","sp2":"0","status":"","wiringIssues":"wiring-mismatch"}}}]}