{"totalCount":"3","imdata":[{"firmwareRunning":{"attributes":{"biosTs":"2021-04-07T00:00:00.000+00:00","biosVer":"07.69","childAction":"","descr":"version 16.0(2h) [build 16.0(2h)]","dn":"topology/pod-1/node-1101/sys/fwstatuscont/running","internalLabel":"4675c7189c8a8d0bf05920cd4ba06c760d9a81e0","ksFile":"bootflash:\/aci-n9000-dk9.16.0.2h.bin","modTs":"never","mode":"normal","peVer":"6.0(2h)","srFwFlashRecTs":"never","srFwFlashRecVer":"","srFwFlashTs":"never","srFwFlashVer":"","srFwImageTs":"never","srFwImageVer":"","srFwRunningSrc":"unknown","srFwRunningVer":"","status":"","sysFile":"bootflash:\/\/\/auto-s","ts":"2023-02-28T14:00:28.000+00:00","type":"switch","version":"n9000-16.0(2h)"}}},{"firmwareRunning":{"attributes":{"biosTs":"2021-04-07T00:00:00.000+00:00","biosVer":"07.69","childAction":"","descr":"version 16.0(2h) [build 16.0(2h)]","dn":"topology/pod-1/node-1102/sys/fwstatuscont/running","internalLabel":"4675c7189c8a8d0bf05920cd4ba06c760d9a81e0","ksFile":"bootflash:\/aci-n9000-dk9.16.0.2h.bin","modTs":"never","mode":"normal","peVer":"6.0(2h)","srFwFlashRecTs":"never","srFwFlashRecVer":"","srFwFlashTs":"never","srFwFlashVer":"","srFwImageTs":"never","srFwImageVer":"","srFwRunningSrc":"unknown","srFwRunningVer":"","status":"","sysFile":"bootflash:\/\/\/auto-s","ts":"2023-02-28T14:00:28.000+00:00","type":"switch","version":"n9000-16.0(2h)"}}},{"firmwareRunning":{"attributes":{"biosTs":"2021-04-08T00:00:00.000+00:00","biosVer":"07.69","childAction":"","descr":"version 16.0(1g) [build 16.0(1g)]","dn":"topology/pod-1/node-1201/sys/fwstatuscont/running","internalLabel":"5b7085ff3cea9ef6cada77284320f765da9cde95","ksFile":"bootflash:aci-n9000-dk9.16.0.1g.bin","modTs":"never","mode":"normal","peVer":"6.0(1g)","srFwFlashRecTs":"never","srFwFlashRecVer":"","srFwFlashTs":"never","srFwFlashVer":"","srFwImageTs":"never","srFwImageVer":"","srFwRunningSrc":"unknown","srFwRunningVer":"","status":"","sysFile":"bootflash:\/\/\/auto-s","ts":"2022-07-12T10:37:55.000+00:00","type":"switch","version":"n9000-16.0(1g)"}}}]}