{"totalCount":"6","imdata":[{"fvAEPg":{"attributes":{"annotation":"","childAction":"","configIssues":"","configSt":"applied","descr":"","dn":"uni/tn-TN-Production/ap-AP/epg-EPG-T1","exceptionTag":"","extMngdBy":"","floodOnEncap":"disabled","fwdCtrl":"","hasMcastSource":"no","isAttrBasedEPg":"no","isSharedSrvMsiteEPg":"no","lcOwn":"local","matchT":"AtleastOne","modTs":"2022-09-19T14:33:13.758+00:00","monPolDn":"uni/tn-common/monepg-default","name":"EPG-T1","nameAlias":"","pcEnfPref":"unenforced","pcTag":"16389","pcTagAllocSrc":"idmanager","prefGrMemb":"exclude","prio":"level3","scope":"2916352","shutdown":"no","status":"","triggerSt":"triggerable","txId":"5188146770730814122","uid":"15374","userdom":":all:"}}},{"fvAEPg":{"attributes":{"annotation":"","childAction":"","configIssues":"","configSt":"applied","descr":"","dn":"uni/tn-TN-Production/ap-AP/epg-EPG-T2","exceptionTag":"","extMngdBy":"","floodOnEncap":"disabled","fwdCtrl":"","hasMcastSource":"no","isAttrBasedEPg":"no","isSharedSrvMsiteEPg":"no","lcOwn":"local","matchT":"AtleastOne","modTs":"2023-06-08T13:01:13.397+00:00","monPolDn":"uni/tn-common/monepg-default","name":"EPG-T2","nameAlias":"","pcEnfPref":"unenforced","pcTag":"16387","pcTagAllocSrc":"idmanager","prefGrMemb":"exclude","prio":"level3","scope":"2916352","shutdown":"no","status":"","triggerSt":"triggerable","txId":"5188146770735974621","uid":"15374","userdom":":all:"}}},{"fvAEPg":{"attributes":{"annotation":"","childAction":"","configIssues":"","configSt":"applied","descr":"","dn":"uni/tn-common/ap-AP/epg-EPG-dummy","exceptionTag":"","extMngdBy":"","floodOnEncap":"disabled","fwdCtrl":"","hasMcastSource":"no","isAttrBasedEPg":"no","isSharedSrvMsiteEPg":"no","lcOwn":"local","matchT":"AtleastOne","modTs":"2023-07-11T12:23:11.437+00:00","monPolDn":"uni/tn-common/monepg-default","name":"EPG-dummy","nameAlias":"","pcEnfPref":"unenforced","pcTag":"16393","pcTagAllocSrc":"idmanager","prefGrMemb":"exclude","prio":"level3","scope":"2457600","shutdown":"no","status":"","triggerSt":"triggerable","txId":"1729382256915243095","uid":"15374","userdom":":all:"}}},{"fvAEPg":{"attributes":{"annotation":"orchestrator:ansible","childAction":"","configIssues":"","configSt":"applied","descr":"","dn":"uni/tn-TN-Production/ap-AP/epg-EPG-T3","exceptionTag":"","extMngdBy":"","floodOnEncap":"disabled","fwdCtrl":"","hasMcastSource":"no","isAttrBasedEPg":"no","isSharedSrvMsiteEPg":"no","lcOwn":"local","matchT":"AtleastOne","modTs":"2023-07-13T10:37:33.907+00:00","monPolDn":"uni/tn-common/monepg-default","name":"EPG-T3","nameAlias":"","pcEnfPref":"unenforced","pcTag":"32772","pcTagAllocSrc":"idmanager","prefGrMemb":"exclude","prio":"unspecified","scope":"2916352","shutdown":"no","status":"","triggerSt":"triggerable","txId":"5188146770737274513","uid":"15374","userdom":":all:"}}},{"fvAEPg":{"attributes":{"annotation":"","childAction":"","configIssues":"","configSt":"applied","descr":"","dn":"uni/tn-infra/ap-access/epg-default","exceptionTag":"","extMngdBy":"","floodOnEncap":"disabled","fwdCtrl":"","hasMcastSource":"no","isAttrBasedEPg":"no","isSharedSrvMsiteEPg":"no","lcOwn":"local","matchT":"AtleastOne","modTs":"2022-09-19T12:46:18.099+00:00","monPolDn":"uni/tn-common/monepg-default","name":"default","nameAlias":"","pcEnfPref":"unenforced","pcTag":"49155","pcTagAllocSrc":"idmanager","prefGrMemb":"exclude","prio":"unspecified","scope":"16777199","shutdown":"no","status":"","triggerSt":"triggerable","txId":"5764607523034234882","uid":"0","userdom":"all"}}},{"fvAEPg":{"attributes":{"annotation":"","childAction":"","configIssues":"","configSt":"applied","descr":"","dn":"uni/tn-infra/ap-ave-ctrl/epg-ave-ctrl","exceptionTag":"","extMngdBy":"","floodOnEncap":"disabled","fwdCtrl":"","hasMcastSource":"no","isAttrBasedEPg":"no","isSharedSrvMsiteEPg":"no","lcOwn":"local","matchT":"AtleastOne","modTs":"2022-09-19T12:46:20.514+00:00","monPolDn":"uni/tn-common/monepg-default","name":"ave-ctrl","nameAlias":"","pcEnfPref":"unenforced","pcTag":"16387","pcTagAllocSrc":"idmanager","prefGrMemb":"exclude","prio":"unspecified","scope":"2392064","shutdown":"no","status":"","triggerSt":"triggerable","txId":"5764607523034234882","uid":"0","userdom":"all"}}}]}