{"totalCount":"8","imdata":[{"fvBD":{"attributes":{"OptimizeWanBandwidth":"no","annotation":"","arpFlood":"no","bcastP":"225.0.0.16","childAction":"","configIssues":"","descr":"","dn":"uni/tn-infra/BD-default","enableRogueExceptMac":"no","epClear":"no","epMoveDetectMode":"","extMngdBy":"","hostBasedRouting":"no","intersiteBumTrafficAllow":"no","intersiteL2Stretch":"no","ipLearning":"yes","ipv6McastAllow":"no","lcOwn":"local","limitIpLearnToSubnets":"yes","llAddr":"::","mac":"00:22:BD:F8:19:FF","mcastARPDrop":"no","mcastAllow":"no","modTs":"2023-04-13T22:05:15.869+00:00","monPolDn":"uni/tn-common/monepg-default","mtu":"inherit","multiDstPktAct":"bd-flood","name":"default","nameAlias":"","ownerKey":"","ownerTag":"","pcTag":"49154","scope":"16777199","seg":"16777209","status":"","type":"regular","uid":"0","unicastRoute":"yes","unkMacUcastAct":"proxy","unkMcastAct":"flood","userdom":"all","v6unkMcastAct":"flood","vmac":"not-applicable"}}},{"fvBD":{"attributes":{"OptimizeWanBandwidth":"no","annotation":"","arpFlood":"yes","bcastP":"225.0.171.192","childAction":"","configIssues":"","descr":"","dn":"uni/tn-common/BD-BD-Global-T1","enableRogueExceptMac":"no","epClear":"no","epMoveDetectMode":"","extMngdBy":"","hostBasedRouting":"no","intersiteBumTrafficAllow":"no","intersiteL2Stretch":"no","ipLearning":"yes","ipv6McastAllow":"no","lcOwn":"local","limitIpLearnToSubnets":"yes","llAddr":"::","mac":"00:22:BD:F8:19:FF","mcastARPDrop":"no","mcastAllow":"no","modTs":"2023-07-13T12:14:32.649+00:00","monPolDn":"uni/tn-common/monepg-default","mtu":"inherit","multiDstPktAct":"bd-flood","name":"BD-Global-T1","nameAlias":"","ownerKey":"","ownerTag":"","pcTag":"32771","scope":"2457600","seg":"15892442","status":"","type":"regular","uid":"15374","unicastRoute":"yes","unkMacUcastAct":"proxy","unkMcastAct":"flood","userdom":":all:","v6unkMcastAct":"flood","vmac":"not-applicable"}}},{"fvBD":{"attributes":{"OptimizeWanBandwidth":"no","annotation":"","arpFlood":"no","bcastP":"225.1.166.192","childAction":"","configIssues":"","descr":"","dn":"uni/tn-infra/BD-ave-ctrl","enableRogueExceptMac":"no","epClear":"no","epMoveDetectMode":"","extMngdBy":"","hostBasedRouting":"no","intersiteBumTrafficAllow":"no","intersiteL2Stretch":"no","ipLearning":"yes","ipv6McastAllow":"no","lcOwn":"local","limitIpLearnToSubnets":"yes","llAddr":"::","mac":"00:22:BD:F8:19:FF","mcastARPDrop":"no","mcastAllow":"no","modTs":"2023-04-13T22:05:15.869+00:00","monPolDn":"uni/tn-common/monepg-default","mtu":"inherit","multiDstPktAct":"bd-flood","name":"ave-ctrl","nameAlias":"","ownerKey":"","ownerTag":"","pcTag":"49153","scope":"2392064","seg":"16744306","status":"","type":"regular","uid":"0","unicastRoute":"yes","unkMacUcastAct":"proxy","unkMcastAct":"flood","userdom":"all","v6unkMcastAct":"flood","vmac":"not-applicable"}}},{"fvBD":{"attributes":{"OptimizeWanBandwidth":"no","annotation":"","arpFlood":"no","bcastP":"225.0.38.80","childAction":"","configIssues":"","descr":"","dn":"uni/tn-common/BD-default","enableRogueExceptMac":"no","epClear":"no","epMoveDetectMode":"","extMngdBy":"","hostBasedRouting":"no","intersiteBumTrafficAllow":"no","intersiteL2Stretch":"no","ipLearning":"yes","ipv6McastAllow":"no","lcOwn":"local","limitIpLearnToSubnets":"yes","llAddr":"::","mac":"00:22:BD:F8:19:FF","mcastARPDrop":"no","mcastAllow":"no","modTs":"2023-07-24T10:07:15.271+00:00","monPolDn":"uni/tn-common/monepg-default","mtu":"inherit","multiDstPktAct":"bd-flood","name":"default","nameAlias":"","ownerKey":"","ownerTag":"","pcTag":"32770","scope":"2457600","seg":"16089026","status":"","type":"regular","uid":"0","unicastRoute":"yes","unkMacUcastAct":"proxy","unkMcastAct":"flood","userdom":"all","v6unkMcastAct":"flood","vmac":"not-applicable"}}},{"fvBD":{"attributes":{"OptimizeWanBandwidth":"no","annotation":"","arpFlood":"no","bcastP":"225.1.26.112","childAction":"","configIssues":"","descr":"","dn":"uni/tn-mgmt/BD-inb","enableRogueExceptMac":"no","epClear":"no","epMoveDetectMode":"","extMngdBy":"","hostBasedRouting":"no","intersiteBumTrafficAllow":"no","intersiteL2Stretch":"no","ipLearning":"yes","ipv6McastAllow":"no","lcOwn":"local","limitIpLearnToSubnets":"yes","llAddr":"::","mac":"00:22:BD:F8:19:FF","mcastARPDrop":"no","mcastAllow":"no","modTs":"2023-05-15T16:14:14.709+00:00","monPolDn":"uni/tn-common/monepg-default","mtu":"inherit","multiDstPktAct":"bd-flood","name":"inb","nameAlias":"","ownerKey":"","ownerTag":"","pcTag":"16387","scope":"2228224","seg":"15957970","status":"","type":"regular","uid":"0","unicastRoute":"yes","unkMacUcastAct":"proxy","unkMcastAct":"flood","userdom":"all","v6unkMcastAct":"flood","vmac":"not-applicable"}}},{"fvBD":{"attributes":{"OptimizeWanBandwidth":"no","annotation":"","arpFlood":"yes","bcastP":"225.1.8.96","childAction":"","configIssues":"","descr":"","dn":"uni/tn-TN-Production/BD-BD-T1","enableRogueExceptMac":"no","epClear":"no","epMoveDetectMode":"","extMngdBy":"","hostBasedRouting":"no","intersiteBumTrafficAllow":"no","intersiteL2Stretch":"no","ipLearning":"yes","ipv6McastAllow":"no","lcOwn":"local","limitIpLearnToSubnets":"yes","llAddr":"::","mac":"00:22:BD:F8:19:FF","mcastARPDrop":"no","mcastAllow":"no","modTs":"2023-06-11T22:21:03.779+00:00","monPolDn":"uni/tn-common/monepg-default","mtu":"inherit","multiDstPktAct":"bd-flood","name":"BD-T1","nameAlias":"","ownerKey":"","ownerTag":"","pcTag":"49154","scope":"2916352","seg":"16351140","status":"","type":"regular","uid":"15374","unicastRoute":"yes","unkMacUcastAct":"proxy","unkMcastAct":"flood","userdom":":all:","v6unkMcastAct":"flood","vmac":"not-applicable"}}},{"fvBD":{"attributes":{"OptimizeWanBandwidth":"no","annotation":"","arpFlood":"yes","bcastP":"225.0.242.32","childAction":"","configIssues":"","descr":"","dn":"uni/tn-TN-Production/BD-BD-T2","enableRogueExceptMac":"no","epClear":"no","epMoveDetectMode":"","extMngdBy":"","hostBasedRouting":"no","intersiteBumTrafficAllow":"no","intersiteL2Stretch":"no","ipLearning":"yes","ipv6McastAllow":"no","lcOwn":"local","limitIpLearnToSubnets":"yes","llAddr":"::","mac":"00:22:BD:F8:19:FF","mcastARPDrop":"yes","mcastAllow":"no","modTs":"2023-07-05T07:03:44.853+00:00","monPolDn":"uni/tn-common/monepg-default","mtu":"inherit","multiDstPktAct":"bd-flood","name":"BD-T2","nameAlias":"","ownerKey":"","ownerTag":"","pcTag":"32770","scope":"2916352","seg":"15892445","status":"","type":"regular","uid":"15374","unicastRoute":"yes","unkMacUcastAct":"proxy","unkMcastAct":"flood","userdom":":all:","v6unkMcastAct":"flood","vmac":"not-applicable"}}},{"fvBD":{"attributes":{"OptimizeWanBandwidth":"no","annotation":"orchestrator:ansible","arpFlood":"yes","bcastP":"225.0.180.96","childAction":"","configIssues":"","descr":"","dn":"uni/tn-TN-Production/BD-BD-T3","enableRogueExceptMac":"no","epClear":"no","epMoveDetectMode":"","extMngdBy":"","hostBasedRouting":"no","intersiteBumTrafficAllow":"no","intersiteL2Stretch":"no","ipLearning":"yes","ipv6McastAllow":"no","lcOwn":"local","limitIpLearnToSubnets":"yes","llAddr":"::","mac":"00:22:BD:F8:19:FF","mcastARPDrop":"yes","mcastAllow":"no","modTs":"2023-07-24T13:52:15.124+00:00","monPolDn":"uni/tn-common/monepg-default","mtu":"inherit","multiDstPktAct":"bd-flood","name":"BD-T3","nameAlias":"","ownerKey":"","ownerTag":"","pcTag":"32771","scope":"2916352","seg":"16089033","status":"","type":"regular","uid":"15374","unicastRoute":"yes","unkMacUcastAct":"proxy","unkMcastAct":"flood","userdom":":all:","v6unkMcastAct":"flood","vmac":"not-applicable"}}}]}