{"totalCount":"64","imdata":[{"fvcapRule":{"attributes":{"annotation":"","childAction":"","constraint":"3000","descr":"Max number of Tenants","dn":"uni/fabric/compcat-default/fvsw-default/capabilities/fvcaprule-fvTenant-scope-policy-domain-type-limit","extMngdBy":"","faultState":"nominal","lcOwn":"local","modTs":"2022-09-19T12:48:19.410+00:00","scope":"policy-domain","status":"","subj":"fvTenant","type":"limit","uid":"0","userConstraint":"3000","userdom":"all"}}},{"fvcapRule":{"attributes":{"annotation":"","childAction":"","constraint":"10000","descr":"Max number of End Point Security Groups","dn":"uni/fabric/compcat-default/fvsw-default/capabilities/fvcaprule-fvESg-scope-policy-domain-type-limit","extMngdBy":"","faultState":"nominal","lcOwn":"local","modTs":"2022-09-19T12:48:19.410+00:00","scope":"policy-domain","status":"","subj":"fvESg","type":"limit","uid":"0","userConstraint":"10000","userdom":"all"}}},{"fvcapRule":{"attributes":{"annotation":"","childAction":"","constraint":"450000","descr":"Max number of Synthetic IP","dn":"uni/fabric/compcat-default/fvsw-default/capabilities/fvcaprule-fvSyntheticIp-scope-policy-domain-type-limit","extMngdBy":"","faultState":"nominal","lcOwn":"local","modTs":"2022-09-19T12:48:19.410+00:00","scope":"policy-domain","status":"","subj":"fvSyntheticIp","type":"limit","uid":"0","userConstraint":"450000","userdom":"all"}}},{"fvcapRule":{"attributes":{"annotation":"","childAction":"","constraint":"85","descr":"Max number of fabric nodes","dn":"uni/fabric/compcat-default/fvsw-default/capabilities/fvcaprule-fabricNode-scope-policy-domain-type-limit","extMngdBy":"","faultState":"nominal","lcOwn":"local","modTs":"2023-04-13T21:59:18.964+00:00","scope":"policy-domain","status":"","subj":"fabricNode","type":"limit","uid":"0","userConstraint":"200","userdom":"all"}}},{"fvcapRule":{"attributes":{"annotation":"","childAction":"","constraint":"15000","descr":"Max number of Bridge Domains","dn":"uni/fabric/compcat-default/fvsw-default/capabilities/fvcaprule-fvBD-scope-policy-domain-type-limit","extMngdBy":"","faultState":"nominal","lcOwn":"local","modTs":"2022-09-19T12:48:19.410+00:00","scope":"policy-domain","status":"","subj":"fvBD","type":"limit","uid":"0","userConstraint":"15000","userdom":"all"}}},{"fvcapRule":{"attributes":{"annotation":"","childAction":"","constraint":"15000","descr":"Max number of End Point Groups","dn":"uni/fabric/compcat-default/fvsw-default/capabilities/fvcaprule-fvAEPg-scope-policy-domain-type-limit","extMngdBy":"","faultState":"nominal","lcOwn":"local","modTs":"2022-09-19T12:48:19.410+00:00","scope":"policy-domain","status":"","subj":"fvAEPg","type":"limit","uid":"0","userConstraint":"15000","userdom":"all"}}},{"fvcapRule":{"attributes":{"annotation":"","childAction":"","constraint":"5","descr":"Max number of Vmware Domains","dn":"uni/fabric/compcat-default/fvsw-default/capabilities/fvcaprule-plannerVmwareDomainTmpl-scope-policy-domain-type-limit","extMngdBy":"","faultState":"nominal","lcOwn":"local","modTs":"2022-09-19T12:48:19.410+00:00","scope":"policy-domain","status":"","subj":"plannerVmwareDomainTmpl","type":"limit","uid":"0","userConstraint":"5","userdom":"all"}}},{"fvcapRule":{"attributes":{"annotation":"","childAction":"","constraint":"1000","descr":"Max number of Contracts","dn":"uni/fabric/compcat-default/fvsw-default/capabilities/fvcaprule-vzBrCP-scope-policy-domain-type-limit","extMngdBy":"","faultState":"nominal","lcOwn":"local","modTs":"2022-09-19T12:48:19.410+00:00","scope":"policy-domain","status":"","subj":"vzBrCP","type":"limit","uid":"0","userConstraint":"1000","userdom":"all"}}},{"fvcapRule":{"attributes":{"annotation":"","childAction":"","constraint":"3000","descr":"Max Number of Private Networks","dn":"uni/fabric/compcat-default/fvsw-default/capabilities/fvcaprule-fvCtx-scope-policy-domain-type-limit","extMngdBy":"","faultState":"nominal","lcOwn":"local","modTs":"2022-09-19T12:48:19.410+00:00","scope":"policy-domain","status":"","subj":"fvCtx","type":"limit","uid":"0","userConstraint":"3000","userdom":"all"}}},{"fvcapRule":{"attributes":{"annotation":"","childAction":"","constraint":"1200","descr":"Max number of Concrete Devices","dn":"uni/fabric/compcat-default/fvsw-default/capabilities/fvcaprule-vnsCDev-scope-policy-domain-type-limit","extMngdBy":"","faultState":"nominal","lcOwn":"local","modTs":"2022-09-19T12:48:19.410+00:00","scope":"policy-domain","status":"","subj":"vnsCDev","type":"limit","uid":"0","userConstraint":"1200","userdom":"all"}}},{"fvcapRule":{"attributes":{"annotation":"","childAction":"","constraint":"225000","descr":"Max number of End Points","dn":"uni/fabric/compcat-default/fvsw-default/capabilities/fvcaprule-fvCEp-scope-policy-domain-type-limit","extMngdBy":"","faultState":"nominal","lcOwn":"local","modTs":"2022-09-19T12:48:19.410+00:00","scope":"policy-domain","status":"","subj":"fvCEp","type":"limit","uid":"0","userConstraint":"225000","userdom":"all"}}},{"fvcapRule":{"attributes":{"annotation":"","childAction":"","constraint":"9000","descr":"Max number of Azure Domain EPGs","dn":"uni/fabric/compcat-default/fvsw-default/capabilities/fvcaprule-plannerAzureDomain-scope-policy-domain-type-limit","extMngdBy":"","faultState":"nominal","lcOwn":"local","modTs":"2022-09-19T12:48:19.410+00:00","scope":"policy-domain","status":"","subj":"plannerAzureDomain","type":"limit","uid":"0","userConstraint":"9000","userdom":"all"}}},{"fvcapRule":{"attributes":{"annotation":"","childAction":"","constraint":"1000","descr":"Max number of Service Graph Instances","dn":"uni/fabric/compcat-default/fvsw-default/capabilities/fvcaprule-vnsGraphInst-scope-policy-domain-type-limit","extMngdBy":"","faultState":"nominal","lcOwn":"local","modTs":"2022-09-19T12:48:19.410+00:00","scope":"policy-domain","status":"","subj":"vnsGraphInst","type":"limit","uid":"0","userConstraint":"1000","userdom":"all"}}},{"fvcapRule":{"attributes":{"annotation":"","childAction":"","constraint":"200","descr":"Line card models that do NOT support MSC are N9K-X9736PQ, N9K-C9336PQ","dn":"uni/fabric/compcat-default/fvsw-default/capabilities/fvcaprule-eqptLC-scope-policy-domain-type-limit","extMngdBy":"","faultState":"nominal","lcOwn":"local","modTs":"2022-09-19T12:48:19.410+00:00","scope":"policy-domain","status":"","subj":"eqptLC","type":"limit","uid":"0","userConstraint":"200","userdom":"all"}}},{"fvcapRule":{"attributes":{"annotation":"","childAction":"","constraint":"15000","descr":"Max number of Vmware Domain EPGs","dn":"uni/fabric/compcat-default/fvsw-default/capabilities/fvcaprule-plannerVmwareDomain-scope-policy-domain-type-limit","extMngdBy":"","faultState":"nominal","lcOwn":"local","modTs":"2022-09-19T12:48:19.410+00:00","scope":"policy-domain","status":"","subj":"plannerVmwareDomain","type":"limit","uid":"0","userConstraint":"15000","userdom":"all"}}},{"fvcapRule":{"attributes":{"annotation":"","childAction":"","constraint":"5","descr":"Max number of Azure Domains","dn":"uni/fabric/compcat-default/fvsw-default/capabilities/fvcaprule-plannerAzureDomainTmpl-scope-policy-domain-type-limit","extMngdBy":"","faultState":"nominal","lcOwn":"local","modTs":"2022-09-19T12:48:19.410+00:00","scope":"policy-domain","status":"","subj":"plannerAzureDomainTmpl","type":"limit","uid":"0","userConstraint":"5","userdom":"all"}}},{"fvcapRule":{"attributes":{"annotation":"","childAction":"","constraint":"1000","descr":"Max number of Service Graph Instances","dn":"topology/pod-1/node-1201/local/svc-policyelem-id-0/uni/fabric/compcat-default/fvsw-default/capabilities/fvcaprule-vnsGraphInst-scope-policy-domain-type-limit","extMngdBy":"","faultState":"nominal","lcOwn":"local","modTs":"2023-07-14T15:20:10.032+00:00","scope":"policy-domain","status":"","subj":"vnsGraphInst","type":"limit","uid":"0","userConstraint":"feature-unavailable","userdom":"all"}}},{"fvcapRule":{"attributes":{"annotation":"","childAction":"","constraint":"3000","descr":"Max number of Tenants","dn":"topology/pod-1/node-1201/local/svc-policyelem-id-0/uni/fabric/compcat-default/fvsw-default/capabilities/fvcaprule-fvTenant-scope-policy-domain-type-limit","extMngdBy":"","faultState":"nominal","lcOwn":"local","modTs":"2023-07-14T15:20:10.032+00:00","scope":"policy-domain","status":"","subj":"fvTenant","type":"limit","uid":"0","userConstraint":"feature-unavailable","userdom":"all"}}},{"fvcapRule":{"attributes":{"annotation":"","childAction":"","constraint":"1200","descr":"Max number of Concrete Devices","dn":"topology/pod-1/node-1201/local/svc-policyelem-id-0/uni/fabric/compcat-default/fvsw-default/capabilities/fvcaprule-vnsCDev-scope-policy-domain-type-limit","extMngdBy":"","faultState":"nominal","lcOwn":"local","modTs":"2023-07-14T15:20:10.032+00:00","scope":"policy-domain","status":"","subj":"vnsCDev","type":"limit","uid":"0","userConstraint":"feature-unavailable","userdom":"all"}}},{"fvcapRule":{"attributes":{"annotation":"","childAction":"","constraint":"1000","descr":"Max number of Contracts","dn":"topology/pod-1/node-1201/local/svc-policyelem-id-0/uni/fabric/compcat-default/fvsw-default/capabilities/fvcaprule-vzBrCP-scope-policy-domain-type-limit","extMngdBy":"","faultState":"nominal","lcOwn":"local","modTs":"2023-07-14T15:20:10.032+00:00","scope":"policy-domain","status":"","subj":"vzBrCP","type":"limit","uid":"0","userConstraint":"feature-unavailable","userdom":"all"}}},{"fvcapRule":{"attributes":{"annotation":"","childAction":"","constraint":"225000","descr":"Max number of End Points","dn":"topology/pod-1/node-1201/local/svc-policyelem-id-0/uni/fabric/compcat-default/fvsw-default/capabilities/fvcaprule-fvCEp-scope-policy-domain-type-limit","extMngdBy":"","faultState":"nominal","lcOwn":"local","modTs":"2023-07-14T15:20:10.032+00:00","scope":"policy-domain","status":"","subj":"fvCEp","type":"limit","uid":"0","userConstraint":"feature-unavailable","userdom":"all"}}},{"fvcapRule":{"attributes":{"annotation":"","childAction":"","constraint":"15000","descr":"Max number of End Point Groups","dn":"topology/pod-1/node-1201/local/svc-policyelem-id-0/uni/fabric/compcat-default/fvsw-default/capabilities/fvcaprule-fvAEPg-scope-policy-domain-type-limit","extMngdBy":"","faultState":"nominal","lcOwn":"local","modTs":"2023-07-14T15:20:10.032+00:00","scope":"policy-domain","status":"","subj":"fvAEPg","type":"limit","uid":"0","userConstraint":"feature-unavailable","userdom":"all"}}},{"fvcapRule":{"attributes":{"annotation":"","childAction":"","constraint":"5","descr":"Max number of Vmware Domains","dn":"topology/pod-1/node-1201/local/svc-policyelem-id-0/uni/fabric/compcat-default/fvsw-default/capabilities/fvcaprule-plannerVmwareDomainTmpl-scope-policy-domain-type-limit","extMngdBy":"","faultState":"nominal","lcOwn":"local","modTs":"2023-07-14T15:20:10.032+00:00","scope":"policy-domain","status":"","subj":"plannerVmwareDomainTmpl","type":"limit","uid":"0","userConstraint":"feature-unavailable","userdom":"all"}}},{"fvcapRule":{"attributes":{"annotation":"","childAction":"","constraint":"5","descr":"Max number of Azure Domains","dn":"topology/pod-1/node-1201/local/svc-policyelem-id-0/uni/fabric/compcat-default/fvsw-default/capabilities/fvcaprule-plannerAzureDomainTmpl-scope-policy-domain-type-limit","extMngdBy":"","faultState":"nominal","lcOwn":"local","modTs":"2023-07-14T15:20:10.032+00:00","scope":"policy-domain","status":"","subj":"plannerAzureDomainTmpl","type":"limit","uid":"0","userConstraint":"feature-unavailable","userdom":"all"}}},{"fvcapRule":{"attributes":{"annotation":"","childAction":"","constraint":"3000","descr":"Max Number of Private Networks","dn":"topology/pod-1/node-1201/local/svc-policyelem-id-0/uni/fabric/compcat-default/fvsw-default/capabilities/fvcaprule-fvCtx-scope-policy-domain-type-limit","extMngdBy":"","faultState":"nominal","lcOwn":"local","modTs":"2023-07-14T15:20:10.032+00:00","scope":"policy-domain","status":"","subj":"fvCtx","type":"limit","uid":"0","userConstraint":"feature-unavailable","userdom":"all"}}},{"fvcapRule":{"attributes":{"annotation":"","childAction":"","constraint":"200","descr":"Max number of fabric nodes","dn":"topology/pod-1/node-1201/local/svc-policyelem-id-0/uni/fabric/compcat-default/fvsw-default/capabilities/fvcaprule-fabricNode-scope-policy-domain-type-limit","extMngdBy":"","faultState":"nominal","lcOwn":"local","modTs":"2023-07-14T15:20:10.032+00:00","scope":"policy-domain","status":"","subj":"fabricNode","type":"limit","uid":"0","userConstraint":"feature-unavailable","userdom":"all"}}},{"fvcapRule":{"attributes":{"annotation":"","childAction":"","constraint":"15000","descr":"Max number of Bridge Domains","dn":"topology/pod-1/node-1201/local/svc-policyelem-id-0/uni/fabric/compcat-default/fvsw-default/capabilities/fvcaprule-fvBD-scope-policy-domain-type-limit","extMngdBy":"","faultState":"nominal","lcOwn":"local","modTs":"2023-07-14T15:20:10.032+00:00","scope":"policy-domain","status":"","subj":"fvBD","type":"limit","uid":"0","userConstraint":"feature-unavailable","userdom":"all"}}},{"fvcapRule":{"attributes":{"annotation":"","childAction":"","constraint":"10000","descr":"Max number of End Point Security Groups","dn":"topology/pod-1/node-1201/local/svc-policyelem-id-0/uni/fabric/compcat-default/fvsw-default/capabilities/fvcaprule-fvESg-scope-policy-domain-type-limit","extMngdBy":"","faultState":"nominal","lcOwn":"local","modTs":"2023-07-14T15:20:10.032+00:00","scope":"policy-domain","status":"","subj":"fvESg","type":"limit","uid":"0","userConstraint":"feature-unavailable","userdom":"all"}}},{"fvcapRule":{"attributes":{"annotation":"","childAction":"","constraint":"450000","descr":"Max number of Synthetic IP","dn":"topology/pod-1/node-1201/local/svc-policyelem-id-0/uni/fabric/compcat-default/fvsw-default/capabilities/fvcaprule-fvSyntheticIp-scope-policy-domain-type-limit","extMngdBy":"","faultState":"nominal","lcOwn":"local","modTs":"2023-07-14T15:20:10.032+00:00","scope":"policy-domain","status":"","subj":"fvSyntheticIp","type":"limit","uid":"0","userConstraint":"feature-unavailable","userdom":"all"}}},{"fvcapRule":{"attributes":{"annotation":"","childAction":"","constraint":"9000","descr":"Max number of Azure Domain EPGs","dn":"topology/pod-1/node-1201/local/svc-policyelem-id-0/uni/fabric/compcat-default/fvsw-default/capabilities/fvcaprule-plannerAzureDomain-scope-policy-domain-type-limit","extMngdBy":"","faultState":"nominal","lcOwn":"local","modTs":"2023-07-14T15:20:10.032+00:00","scope":"policy-domain","status":"","subj":"plannerAzureDomain","type":"limit","uid":"0","userConstraint":"feature-unavailable","userdom":"all"}}},{"fvcapRule":{"attributes":{"annotation":"","childAction":"","constraint":"15000","descr":"Max number of Vmware Domain EPGs","dn":"topology/pod-1/node-1201/local/svc-policyelem-id-0/uni/fabric/compcat-default/fvsw-default/capabilities/fvcaprule-plannerVmwareDomain-scope-policy-domain-type-limit","extMngdBy":"","faultState":"nominal","lcOwn":"local","modTs":"2023-07-14T15:20:10.032+00:00","scope":"policy-domain","status":"","subj":"plannerVmwareDomain","type":"limit","uid":"0","userConstraint":"feature-unavailable","userdom":"all"}}},{"fvcapRule":{"attributes":{"annotation":"","childAction":"","constraint":"200","descr":"Line card models that do NOT support MSC are N9K-X9736PQ, N9K-C9336PQ","dn":"topology/pod-1/node-1201/local/svc-policyelem-id-0/uni/fabric/compcat-default/fvsw-default/capabilities/fvcaprule-eqptLC-scope-policy-domain-type-limit","extMngdBy":"","faultState":"nominal","lcOwn":"local","modTs":"2023-07-14T15:20:10.032+00:00","scope":"policy-domain","status":"","subj":"eqptLC","type":"limit","uid":"0","userConstraint":"feature-unavailable","userdom":"all"}}},{"fvcapRule":{"attributes":{"annotation":"","childAction":"","constraint":"1000","descr":"Max number of Service Graph Instances","dn":"topology/pod-1/node-1102/local/svc-policyelem-id-0/uni/fabric/compcat-default/fvsw-default/capabilities/fvcaprule-vnsGraphInst-scope-policy-domain-type-limit","extMngdBy":"","faultState":"nominal","lcOwn":"local","modTs":"2023-07-14T15:28:23.417+00:00","scope":"policy-domain","status":"","subj":"vnsGraphInst","type":"limit","uid":"0","userConstraint":"feature-unavailable","userdom":"all"}}},{"fvcapRule":{"attributes":{"annotation":"","childAction":"","constraint":"3000","descr":"Max number of Tenants","dn":"topology/pod-1/node-1102/local/svc-policyelem-id-0/uni/fabric/compcat-default/fvsw-default/capabilities/fvcaprule-fvTenant-scope-policy-domain-type-limit","extMngdBy":"","faultState":"nominal","lcOwn":"local","modTs":"2023-07-14T15:28:23.417+00:00","scope":"policy-domain","status":"","subj":"fvTenant","type":"limit","uid":"0","userConstraint":"feature-unavailable","userdom":"all"}}},{"fvcapRule":{"attributes":{"annotation":"","childAction":"","constraint":"450000","descr":"Max number of Synthetic IP","dn":"topology/pod-1/node-1102/local/svc-policyelem-id-0/uni/fabric/compcat-default/fvsw-default/capabilities/fvcaprule-fvSyntheticIp-scope-policy-domain-type-limit","extMngdBy":"","faultState":"nominal","lcOwn":"local","modTs":"2023-07-14T15:28:23.417+00:00","scope":"policy-domain","status":"","subj":"fvSyntheticIp","type":"limit","uid":"0","userConstraint":"feature-unavailable","userdom":"all"}}},{"fvcapRule":{"attributes":{"annotation":"","childAction":"","constraint":"10000","descr":"Max number of End Point Security Groups","dn":"topology/pod-1/node-1102/local/svc-policyelem-id-0/uni/fabric/compcat-default/fvsw-default/capabilities/fvcaprule-fvESg-scope-policy-domain-type-limit","extMngdBy":"","faultState":"nominal","lcOwn":"local","modTs":"2023-07-14T15:28:23.417+00:00","scope":"policy-domain","status":"","subj":"fvESg","type":"limit","uid":"0","userConstraint":"feature-unavailable","userdom":"all"}}},{"fvcapRule":{"attributes":{"annotation":"","childAction":"","constraint":"1200","descr":"Max number of Concrete Devices","dn":"topology/pod-1/node-1102/local/svc-policyelem-id-0/uni/fabric/compcat-default/fvsw-default/capabilities/fvcaprule-vnsCDev-scope-policy-domain-type-limit","extMngdBy":"","faultState":"nominal","lcOwn":"local","modTs":"2023-07-14T15:28:23.417+00:00","scope":"policy-domain","status":"","subj":"vnsCDev","type":"limit","uid":"0","userConstraint":"feature-unavailable","userdom":"all"}}},{"fvcapRule":{"attributes":{"annotation":"","childAction":"","constraint":"225000","descr":"Max number of End Points","dn":"topology/pod-1/node-1102/local/svc-policyelem-id-0/uni/fabric/compcat-default/fvsw-default/capabilities/fvcaprule-fvCEp-scope-policy-domain-type-limit","extMngdBy":"","faultState":"nominal","lcOwn":"local","modTs":"2023-07-14T15:28:23.417+00:00","scope":"policy-domain","status":"","subj":"fvCEp","type":"limit","uid":"0","userConstraint":"feature-unavailable","userdom":"all"}}},{"fvcapRule":{"attributes":{"annotation":"","childAction":"","constraint":"15000","descr":"Max number of End Point Groups","dn":"topology/pod-1/node-1102/local/svc-policyelem-id-0/uni/fabric/compcat-default/fvsw-default/capabilities/fvcaprule-fvAEPg-scope-policy-domain-type-limit","extMngdBy":"","faultState":"nominal","lcOwn":"local","modTs":"2023-07-14T15:28:23.417+00:00","scope":"policy-domain","status":"","subj":"fvAEPg","type":"limit","uid":"0","userConstraint":"feature-unavailable","userdom":"all"}}},{"fvcapRule":{"attributes":{"annotation":"","childAction":"","constraint":"15000","descr":"Max number of Bridge Domains","dn":"topology/pod-1/node-1102/local/svc-policyelem-id-0/uni/fabric/compcat-default/fvsw-default/capabilities/fvcaprule-fvBD-scope-policy-domain-type-limit","extMngdBy":"","faultState":"nominal","lcOwn":"local","modTs":"2023-07-14T15:28:23.417+00:00","scope":"policy-domain","status":"","subj":"fvBD","type":"limit","uid":"0","userConstraint":"feature-unavailable","userdom":"all"}}},{"fvcapRule":{"attributes":{"annotation":"","childAction":"","constraint":"200","descr":"Max number of fabric nodes","dn":"topology/pod-1/node-1102/local/svc-policyelem-id-0/uni/fabric/compcat-default/fvsw-default/capabilities/fvcaprule-fabricNode-scope-policy-domain-type-limit","extMngdBy":"","faultState":"nominal","lcOwn":"local","modTs":"2023-07-14T15:28:23.417+00:00","scope":"policy-domain","status":"","subj":"fabricNode","type":"limit","uid":"0","userConstraint":"feature-unavailable","userdom":"all"}}},{"fvcapRule":{"attributes":{"annotation":"","childAction":"","constraint":"5","descr":"Max number of Vmware Domains","dn":"topology/pod-1/node-1102/local/svc-policyelem-id-0/uni/fabric/compcat-default/fvsw-default/capabilities/fvcaprule-plannerVmwareDomainTmpl-scope-policy-domain-type-limit","extMngdBy":"","faultState":"nominal","lcOwn":"local","modTs":"2023-07-14T15:28:23.417+00:00","scope":"policy-domain","status":"","subj":"plannerVmwareDomainTmpl","type":"limit","uid":"0","userConstraint":"feature-unavailable","userdom":"all"}}},{"fvcapRule":{"attributes":{"annotation":"","childAction":"","constraint":"15000","descr":"Max number of Vmware Domain EPGs","dn":"topology/pod-1/node-1102/local/svc-policyelem-id-0/uni/fabric/compcat-default/fvsw-default/capabilities/fvcaprule-plannerVmwareDomain-scope-policy-domain-type-limit","extMngdBy":"","faultState":"nominal","lcOwn":"local","modTs":"2023-07-14T15:28:23.417+00:00","scope":"policy-domain","status":"","subj":"plannerVmwareDomain","type":"limit","uid":"0","userConstraint":"feature-unavailable","userdom":"all"}}},{"fvcapRule":{"attributes":{"annotation":"","childAction":"","constraint":"9000","descr":"Max number of Azure Domain EPGs","dn":"topology/pod-1/node-1102/local/svc-policyelem-id-0/uni/fabric/compcat-default/fvsw-default/capabilities/fvcaprule-plannerAzureDomain-scope-policy-domain-type-limit","extMngdBy":"","faultState":"nominal","lcOwn":"local","modTs":"2023-07-14T15:28:23.417+00:00","scope":"policy-domain","status":"","subj":"plannerAzureDomain","type":"limit","uid":"0","userConstraint":"feature-unavailable","userdom":"all"}}},{"fvcapRule":{"attributes":{"annotation":"","childAction":"","constraint":"200","descr":"Line card models that do NOT support MSC are N9K-X9736PQ, N9K-C9336PQ","dn":"topology/pod-1/node-1102/local/svc-policyelem-id-0/uni/fabric/compcat-default/fvsw-default/capabilities/fvcaprule-eqptLC-scope-policy-domain-type-limit","extMngdBy":"","faultState":"nominal","lcOwn":"local","modTs":"2023-07-14T15:28:23.417+00:00","scope":"policy-domain","status":"","subj":"eqptLC","type":"limit","uid":"0","userConstraint":"feature-unavailable","userdom":"all"}}},{"fvcapRule":{"attributes":{"annotation":"","childAction":"","constraint":"5","descr":"Max number of Azure Domains","dn":"topology/pod-1/node-1102/local/svc-policyelem-id-0/uni/fabric/compcat-default/fvsw-default/capabilities/fvcaprule-plannerAzureDomainTmpl-scope-policy-domain-type-limit","extMngdBy":"","faultState":"nominal","lcOwn":"local","modTs":"2023-07-14T15:28:23.417+00:00","scope":"policy-domain","status":"","subj":"plannerAzureDomainTmpl","type":"limit","uid":"0","userConstraint":"feature-unavailable","userdom":"all"}}},{"fvcapRule":{"attributes":{"annotation":"","childAction":"","constraint":"3000","descr":"Max Number of Private Networks","dn":"topology/pod-1/node-1102/local/svc-policyelem-id-0/uni/fabric/compcat-default/fvsw-default/capabilities/fvcaprule-fvCtx-scope-policy-domain-type-limit","extMngdBy":"","faultState":"nominal","lcOwn":"local","modTs":"2023-07-14T15:28:23.417+00:00","scope":"policy-domain","status":"","subj":"fvCtx","type":"limit","uid":"0","userConstraint":"feature-unavailable","userdom":"all"}}},{"fvcapRule":{"attributes":{"annotation":"","childAction":"","constraint":"1000","descr":"Max number of Contracts","dn":"topology/pod-1/node-1102/local/svc-policyelem-id-0/uni/fabric/compcat-default/fvsw-default/capabilities/fvcaprule-vzBrCP-scope-policy-domain-type-limit","extMngdBy":"","faultState":"nominal","lcOwn":"local","modTs":"2023-07-14T15:28:23.417+00:00","scope":"policy-domain","status":"","subj":"vzBrCP","type":"limit","uid":"0","userConstraint":"feature-unavailable","userdom":"all"}}},{"fvcapRule":{"attributes":{"annotation":"","childAction":"","constraint":"1000","descr":"Max number of Service Graph Instances","dn":"topology/pod-1/node-1101/local/svc-policyelem-id-0/uni/fabric/compcat-default/fvsw-default/capabilities/fvcaprule-vnsGraphInst-scope-policy-domain-type-limit","extMngdBy":"","faultState":"nominal","lcOwn":"local","modTs":"2023-07-14T15:28:59.724+00:00","scope":"policy-domain","status":"","subj":"vnsGraphInst","type":"limit","uid":"0","userConstraint":"feature-unavailable","userdom":"all"}}},{"fvcapRule":{"attributes":{"annotation":"","childAction":"","constraint":"3000","descr":"Max number of Tenants","dn":"topology/pod-1/node-1101/local/svc-policyelem-id-0/uni/fabric/compcat-default/fvsw-default/capabilities/fvcaprule-fvTenant-scope-policy-domain-type-limit","extMngdBy":"","faultState":"nominal","lcOwn":"local","modTs":"2023-07-14T15:28:59.724+00:00","scope":"policy-domain","status":"","subj":"fvTenant","type":"limit","uid":"0","userConstraint":"feature-unavailable","userdom":"all"}}},{"fvcapRule":{"attributes":{"annotation":"","childAction":"","constraint":"450000","descr":"Max number of Synthetic IP","dn":"topology/pod-1/node-1101/local/svc-policyelem-id-0/uni/fabric/compcat-default/fvsw-default/capabilities/fvcaprule-fvSyntheticIp-scope-policy-domain-type-limit","extMngdBy":"","faultState":"nominal","lcOwn":"local","modTs":"2023-07-14T15:28:59.724+00:00","scope":"policy-domain","status":"","subj":"fvSyntheticIp","type":"limit","uid":"0","userConstraint":"feature-unavailable","userdom":"all"}}},{"fvcapRule":{"attributes":{"annotation":"","childAction":"","constraint":"10000","descr":"Max number of End Point Security Groups","dn":"topology/pod-1/node-1101/local/svc-policyelem-id-0/uni/fabric/compcat-default/fvsw-default/capabilities/fvcaprule-fvESg-scope-policy-domain-type-limit","extMngdBy":"","faultState":"nominal","lcOwn":"local","modTs":"2023-07-14T15:28:59.724+00:00","scope":"policy-domain","status":"","subj":"fvESg","type":"limit","uid":"0","userConstraint":"feature-unavailable","userdom":"all"}}},{"fvcapRule":{"attributes":{"annotation":"","childAction":"","constraint":"1200","descr":"Max number of Concrete Devices","dn":"topology/pod-1/node-1101/local/svc-policyelem-id-0/uni/fabric/compcat-default/fvsw-default/capabilities/fvcaprule-vnsCDev-scope-policy-domain-type-limit","extMngdBy":"","faultState":"nominal","lcOwn":"local","modTs":"2023-07-14T15:28:59.724+00:00","scope":"policy-domain","status":"","subj":"vnsCDev","type":"limit","uid":"0","userConstraint":"feature-unavailable","userdom":"all"}}},{"fvcapRule":{"attributes":{"annotation":"","childAction":"","constraint":"225000","descr":"Max number of End Points","dn":"topology/pod-1/node-1101/local/svc-policyelem-id-0/uni/fabric/compcat-default/fvsw-default/capabilities/fvcaprule-fvCEp-scope-policy-domain-type-limit","extMngdBy":"","faultState":"nominal","lcOwn":"local","modTs":"2023-07-14T15:28:59.724+00:00","scope":"policy-domain","status":"","subj":"fvCEp","type":"limit","uid":"0","userConstraint":"feature-unavailable","userdom":"all"}}},{"fvcapRule":{"attributes":{"annotation":"","childAction":"","constraint":"15000","descr":"Max number of End Point Groups","dn":"topology/pod-1/node-1101/local/svc-policyelem-id-0/uni/fabric/compcat-default/fvsw-default/capabilities/fvcaprule-fvAEPg-scope-policy-domain-type-limit","extMngdBy":"","faultState":"nominal","lcOwn":"local","modTs":"2023-07-14T15:28:59.724+00:00","scope":"policy-domain","status":"","subj":"fvAEPg","type":"limit","uid":"0","userConstraint":"feature-unavailable","userdom":"all"}}},{"fvcapRule":{"attributes":{"annotation":"","childAction":"","constraint":"15000","descr":"Max number of Bridge Domains","dn":"topology/pod-1/node-1101/local/svc-policyelem-id-0/uni/fabric/compcat-default/fvsw-default/capabilities/fvcaprule-fvBD-scope-policy-domain-type-limit","extMngdBy":"","faultState":"nominal","lcOwn":"local","modTs":"2023-07-14T15:28:59.724+00:00","scope":"policy-domain","status":"","subj":"fvBD","type":"limit","uid":"0","userConstraint":"feature-unavailable","userdom":"all"}}},{"fvcapRule":{"attributes":{"annotation":"","childAction":"","constraint":"200","descr":"Max number of fabric nodes","dn":"topology/pod-1/node-1101/local/svc-policyelem-id-0/uni/fabric/compcat-default/fvsw-default/capabilities/fvcaprule-fabricNode-scope-policy-domain-type-limit","extMngdBy":"","faultState":"nominal","lcOwn":"local","modTs":"2023-07-14T15:28:59.724+00:00","scope":"policy-domain","status":"","subj":"fabricNode","type":"limit","uid":"0","userConstraint":"feature-unavailable","userdom":"all"}}},{"fvcapRule":{"attributes":{"annotation":"","childAction":"","constraint":"5","descr":"Max number of Vmware Domains","dn":"topology/pod-1/node-1101/local/svc-policyelem-id-0/uni/fabric/compcat-default/fvsw-default/capabilities/fvcaprule-plannerVmwareDomainTmpl-scope-policy-domain-type-limit","extMngdBy":"","faultState":"nominal","lcOwn":"local","modTs":"2023-07-14T15:28:59.724+00:00","scope":"policy-domain","status":"","subj":"plannerVmwareDomainTmpl","type":"limit","uid":"0","userConstraint":"feature-unavailable","userdom":"all"}}},{"fvcapRule":{"attributes":{"annotation":"","childAction":"","constraint":"15000","descr":"Max number of Vmware Domain EPGs","dn":"topology/pod-1/node-1101/local/svc-policyelem-id-0/uni/fabric/compcat-default/fvsw-default/capabilities/fvcaprule-plannerVmwareDomain-scope-policy-domain-type-limit","extMngdBy":"","faultState":"nominal","lcOwn":"local","modTs":"2023-07-14T15:28:59.724+00:00","scope":"policy-domain","status":"","subj":"plannerVmwareDomain","type":"limit","uid":"0","userConstraint":"feature-unavailable","userdom":"all"}}},{"fvcapRule":{"attributes":{"annotation":"","childAction":"","constraint":"9000","descr":"Max number of Azure Domain EPGs","dn":"topology/pod-1/node-1101/local/svc-policyelem-id-0/uni/fabric/compcat-default/fvsw-default/capabilities/fvcaprule-plannerAzureDomain-scope-policy-domain-type-limit","extMngdBy":"","faultState":"nominal","lcOwn":"local","modTs":"2023-07-14T15:28:59.724+00:00","scope":"policy-domain","status":"","subj":"plannerAzureDomain","type":"limit","uid":"0","userConstraint":"feature-unavailable","userdom":"all"}}},{"fvcapRule":{"attributes":{"annotation":"","childAction":"","constraint":"200","descr":"Line card models that do NOT support MSC are N9K-X9736PQ, N9K-C9336PQ","dn":"topology/pod-1/node-1101/local/svc-policyelem-id-0/uni/fabric/compcat-default/fvsw-default/capabilities/fvcaprule-eqptLC-scope-policy-domain-type-limit","extMngdBy":"","faultState":"nominal","lcOwn":"local","modTs":"2023-07-14T15:28:59.724+00:00","scope":"policy-domain","status":"","subj":"eqptLC","type":"limit","uid":"0","userConstraint":"feature-unavailable","userdom":"all"}}},{"fvcapRule":{"attributes":{"annotation":"","childAction":"","constraint":"5","descr":"Max number of Azure Domains","dn":"topology/pod-1/node-1101/local/svc-policyelem-id-0/uni/fabric/compcat-default/fvsw-default/capabilities/fvcaprule-plannerAzureDomainTmpl-scope-policy-domain-type-limit","extMngdBy":"","faultState":"nominal","lcOwn":"local","modTs":"2023-07-14T15:28:59.724+00:00","scope":"policy-domain","status":"","subj":"plannerAzureDomainTmpl","type":"limit","uid":"0","userConstraint":"feature-unavailable","userdom":"all"}}},{"fvcapRule":{"attributes":{"annotation":"","childAction":"","constraint":"3000","descr":"Max Number of Private Networks","dn":"topology/pod-1/node-1101/local/svc-policyelem-id-0/uni/fabric/compcat-default/fvsw-default/capabilities/fvcaprule-fvCtx-scope-policy-domain-type-limit","extMngdBy":"","faultState":"nominal","lcOwn":"local","modTs":"2023-07-14T15:28:59.724+00:00","scope":"policy-domain","status":"","subj":"fvCtx","type":"limit","uid":"0","userConstraint":"feature-unavailable","userdom":"all"}}},{"fvcapRule":{"attributes":{"annotation":"","childAction":"","constraint":"1000","descr":"Max number of Contracts","dn":"topology/pod-1/node-1101/local/svc-policyelem-id-0/uni/fabric/compcat-default/fvsw-default/capabilities/fvcaprule-vzBrCP-scope-policy-domain-type-limit","extMngdBy":"","faultState":"nominal","lcOwn":"local","modTs":"2023-07-14T15:28:59.724+00:00","scope":"policy-domain","status":"","subj":"vzBrCP","type":"limit","uid":"0","userConstraint":"feature-unavailable","userdom":"all"}}}]}