{"totalCount":"8","imdata":[{"fvCtx":{"attributes":{"annotation":"","bdEnforcedEnable":"no","childAction":"","descr":"","dn":"uni/tn-common/ctx-copy","extMngdBy":"","ipDataPlaneLearning":"enabled","knwMcastAct":"permit","lcOwn":"local","modTs":"2022-09-19T12:46:20.820+00:00","monPolDn":"uni/tn-common/monepg-default","name":"copy","nameAlias":"","ownerKey":"","ownerTag":"","pcEnfDir":"ingress","pcEnfDirUpdated":"yes","pcEnfPref":"enforced","pcTag":"32770","scope":"2621440","seg":"2621440","status":"","uid":"0","userdom":"all","vrfId":"0","vrfIndex":"0"}}},{"fvCtx":{"attributes":{"annotation":"","bdEnforcedEnable":"no","childAction":"","descr":"","dn":"uni/tn-infra/ctx-overlay-1","extMngdBy":"","ipDataPlaneLearning":"enabled","knwMcastAct":"permit","lcOwn":"local","modTs":"2022-09-19T12:46:18.099+00:00","monPolDn":"uni/tn-common/monepg-default","name":"overlay-1","nameAlias":"","ownerKey":"","ownerTag":"","pcEnfDir":"ingress","pcEnfDirUpdated":"yes","pcEnfPref":"enforced","pcTag":"49153","scope":"16777199","seg":"16777199","status":"","uid":"0","userdom":"all","vrfId":"0","vrfIndex":"0"}}},{"fvCtx":{"attributes":{"annotation":"","bdEnforcedEnable":"no","childAction":"","descr":"","dn":"uni/tn-infra/ctx-ave-ctrl","extMngdBy":"","ipDataPlaneLearning":"enabled","knwMcastAct":"permit","lcOwn":"local","modTs":"2022-09-19T12:46:20.289+00:00","monPolDn":"uni/tn-common/monepg-default","name":"ave-ctrl","nameAlias":"","ownerKey":"","ownerTag":"","pcEnfDir":"ingress","pcEnfDirUpdated":"yes","pcEnfPref":"enforced","pcTag":"16386","scope":"2392064","seg":"2392064","status":"","uid":"0","userdom":"all","vrfId":"0","vrfIndex":"0"}}},{"fvCtx":{"attributes":{"annotation":"","bdEnforcedEnable":"no","childAction":"","descr":"","dn":"uni/tn-common/ctx-default","extMngdBy":"","ipDataPlaneLearning":"enabled","knwMcastAct":"permit","lcOwn":"local","modTs":"2023-06-14T02:40:50.039+00:00","monPolDn":"uni/tn-common/monepg-default","name":"default","nameAlias":"","ownerKey":"","ownerTag":"","pcEnfDir":"ingress","pcEnfDirUpdated":"yes","pcEnfPref":"enforced","pcTag":"16386","scope":"2457600","seg":"2457600","status":"","uid":"0","userdom":"all","vrfId":"0","vrfIndex":"0"}}},{"fvCtx":{"attributes":{"annotation":"","bdEnforcedEnable":"no","childAction":"","descr":"","dn":"uni/tn-mgmt/ctx-oob","extMngdBy":"","ipDataPlaneLearning":"enabled","knwMcastAct":"permit","lcOwn":"local","modTs":"2022-09-19T12:46:20.329+00:00","monPolDn":"uni/tn-common/monepg-default","name":"oob","nameAlias":"","ownerKey":"","ownerTag":"","pcEnfDir":"ingress","pcEnfDirUpdated":"yes","pcEnfPref":"enforced","pcTag":"32770","scope":"2326528","seg":"2326528","status":"","uid":"0","userdom":"all","vrfId":"0","vrfIndex":"0"}}},{"fvCtx":{"attributes":{"annotation":"","bdEnforcedEnable":"no","childAction":"","descr":"","dn":"uni/tn-TN-Production/ctx-default","extMngdBy":"","ipDataPlaneLearning":"enabled","knwMcastAct":"permit","lcOwn":"local","modTs":"2022-09-19T14:33:13.758+00:00","monPolDn":"uni/tn-common/monepg-default","name":"default","nameAlias":"","ownerKey":"","ownerTag":"","pcEnfDir":"ingress","pcEnfDirUpdated":"yes","pcEnfPref":"enforced","pcTag":"49153","scope":"2916352","seg":"2916352","status":"","uid":"15374","userdom":":all:","vrfId":"0","vrfIndex":"0"}}},{"fvCtx":{"attributes":{"annotation":"","bdEnforcedEnable":"no","childAction":"","descr":"","dn":"uni/tn-mgmt/ctx-inb","extMngdBy":"","ipDataPlaneLearning":"enabled","knwMcastAct":"permit","lcOwn":"local","modTs":"2023-05-15T16:14:14.709+00:00","monPolDn":"uni/tn-common/monepg-default","name":"inb","nameAlias":"","ownerKey":"","ownerTag":"","pcEnfDir":"ingress","pcEnfDirUpdated":"yes","pcEnfPref":"enforced","pcTag":"49153","scope":"2228224","seg":"2228224","status":"","uid":"15374","userdom":":all:","vrfId":"0","vrfIndex":"0"}}},{"fvCtx":{"attributes":{"annotation":"","bdEnforcedEnable":"no","childAction":"","descr":"","dn":"uni/tn-routing-test-dummy/ctx-default","extMngdBy":"","ipDataPlaneLearning":"enabled","knwMcastAct":"permit","lcOwn":"local","modTs":"2023-07-11T13:06:05.705+00:00","monPolDn":"uni/tn-common/monepg-default","name":"default","nameAlias":"","ownerKey":"","ownerTag":"","pcEnfDir":"ingress","pcEnfDirUpdated":"yes","pcEnfPref":"enforced","pcTag":"32770","scope":"2326530","seg":"2326530","status":"","uid":"15374","userdom":":all:","vrfId":"0","vrfIndex":"0"}}}]}