{"totalCount":"7","imdata":[{"fvnsVlanInstP":{"attributes":{"allocMode":"static","annotation":"","childAction":"","configIssues":"","descr":"","dn":"uni/infra/vlanns-[VLAN-IPN]-static","extMngdBy":"","lcOwn":"local","modTs":"2022-09-19T14:33:03.052+00:00","monPolDn":"uni/fabric/monfab-default","name":"VLAN-IPN","nameAlias":"","ownerKey":"","ownerTag":"","status":"","uid":"15374","userdom":":all:"}}},{"fvnsVlanInstP":{"attributes":{"allocMode":"static","annotation":"","childAction":"","configIssues":"","descr":"","dn":"uni/infra/vlanns-[VLAN-USER]-static","extMngdBy":"","lcOwn":"local","modTs":"2022-09-19T14:33:03.052+00:00","monPolDn":"uni/fabric/monfab-default","name":"VLAN-USER","nameAlias":"","ownerKey":"","ownerTag":"","status":"","uid":"15374","userdom":":all:"}}},{"fvnsVlanInstP":{"attributes":{"allocMode":"static","annotation":"","childAction":"","configIssues":"","descr":"","dn":"uni/infra/vlanns-[VLAN-PTP]-static","extMngdBy":"","lcOwn":"local","modTs":"2022-09-19T14:33:03.052+00:00","monPolDn":"uni/fabric/monfab-default","name":"VLAN-PTP","nameAlias":"","ownerKey":"","ownerTag":"","status":"","uid":"15374","userdom":":all:"}}},{"fvnsVlanInstP":{"attributes":{"allocMode":"static","annotation":"","childAction":"","configIssues":"","descr":"","dn":"uni/infra/vlanns-[VLAN-INB]-static","extMngdBy":"","lcOwn":"local","modTs":"2022-09-19T14:33:03.052+00:00","monPolDn":"uni/fabric/monfab-default","name":"VLAN-INB","nameAlias":"","ownerKey":"","ownerTag":"","status":"","uid":"15374","userdom":":all:"}}},{"fvnsVlanInstP":{"attributes":{"allocMode":"static","annotation":"","childAction":"","configIssues":"","descr":"","dn":"uni/infra/vlanns-[VLANP_Customer_1]-static","extMngdBy":"","lcOwn":"local","modTs":"2022-09-19T14:33:03.052+00:00","monPolDn":"uni/fabric/monfab-default","name":"VLANP_Customer_1","nameAlias":"","ownerKey":"","ownerTag":"","status":"","uid":"15374","userdom":":all:common:Customer_1:Customer_1_Access:"}}},{"fvnsVlanInstP":{"attributes":{"allocMode":"dynamic","annotation":"","childAction":"","configIssues":"","descr":"","dn":"uni/infra/vlanns-[VLAN-VMM]-dynamic","extMngdBy":"","lcOwn":"local","modTs":"2023-01-26T17:30:39.803+00:00","monPolDn":"uni/fabric/monfab-default","name":"VLAN-VMM","nameAlias":"","ownerKey":"","ownerTag":"","status":"","uid":"15374","userdom":":all:"}}},{"fvnsVlanInstP":{"attributes":{"allocMode":"dynamic","annotation":"","childAction":"","configIssues":"","descr":"","dn":"uni/infra/vlanns-[VLAN-NSX]-dynamic","extMngdBy":"","lcOwn":"local","modTs":"2023-04-01T23:08:27.988+00:00","monPolDn":"uni/fabric/monfab-default","name":"VLAN-NSX","nameAlias":"","ownerKey":"","ownerTag":"","status":"","uid":"15374","userdom":":all:"}}}]}