{"totalCount":"4","imdata":[{"fvRsDomAtt":{"attributes":{"annotation":"","bindingType":"none","childAction":"","classPref":"encap","configIssues":"","customEpgName":"","delimiter":"","dn":"uni/tn-TN-Production/ap-AP/epg-EPG-T1/rsdomAtt-[uni/phys-PHY-USER]","encap":"unknown","encapMode":"auto","epgCos":"Cos0","epgCosPref":"disabled","extMngdBy":"","forceResolve":"yes","instrImedcy":"lazy","lagPolicyName":"","lcOwn":"local","modTs":"2022-09-19T14:33:13.758+00:00","mode":"default","monPolDn":"uni/tn-common/monepg-default","netflowDir":"both","netflowPref":"disabled","numPorts":"0","portAllocation":"none","primaryEncap":"unknown","primaryEncapInner":"unknown","rType":"mo","resImedcy":"immediate","secondaryEncapInner":"unknown","state":"formed","stateQual":"none","status":"","switchingMode":"native","tCl":"physDomP","tDn":"uni/phys-PHY-USER","tType":"mo","triggerSt":"not_triggerable","txId":"5188146770730814122","uid":"15374","untagged":"no","userdom":":all:","vnetOnly":"no"}}},{"fvRsDomAtt":{"attributes":{"annotation":"","bindingType":"none","childAction":"","classPref":"encap","configIssues":"","customEpgName":"","delimiter":"","dn":"uni/tn-TN-Production/ap-AP/epg-EPG-T2/rsdomAtt-[uni/phys-PHY-USER]","encap":"unknown","encapMode":"auto","epgCos":"Cos0","epgCosPref":"disabled","extMngdBy":"","forceResolve":"yes","instrImedcy":"lazy","lagPolicyName":"","lcOwn":"local","modTs":"2023-06-08T12:59:30.535+00:00","mode":"default","monPolDn":"uni/tn-common/monepg-default","netflowDir":"both","netflowPref":"disabled","numPorts":"0","portAllocation":"none","primaryEncap":"unknown","primaryEncapInner":"unknown","rType":"mo","resImedcy":"immediate","secondaryEncapInner":"unknown","state":"formed","stateQual":"none","status":"","switchingMode":"native","tCl":"physDomP","tDn":"uni/phys-PHY-USER","tType":"mo","triggerSt":"not_triggerable","txId":"5188146770735974637","uid":"15374","untagged":"no","userdom":":all:","vnetOnly":"no"}}},{"fvRsDomAtt":{"attributes":{"annotation":"","bindingType":"none","childAction":"","classPref":"encap","configIssues":"","customEpgName":"","delimiter":"","dn":"uni/tn-common/ap-AP/epg-EPG-dummy/rsdomAtt-[uni/phys-PHY-USER]","encap":"unknown","encapMode":"auto","epgCos":"Cos0","epgCosPref":"disabled","extMngdBy":"","forceResolve":"yes","instrImedcy":"lazy","lagPolicyName":"","lcOwn":"local","modTs":"2023-07-11T12:24:37.748+00:00","mode":"default","monPolDn":"uni/tn-common/monepg-default","netflowDir":"both","netflowPref":"disabled","numPorts":"0","portAllocation":"none","primaryEncap":"unknown","primaryEncapInner":"unknown","rType":"mo","resImedcy":"immediate","secondaryEncapInner":"unknown","state":"formed","stateQual":"none","status":"","switchingMode":"native","tCl":"physDomP","tDn":"uni/phys-PHY-USER","tType":"mo","triggerSt":"not_triggerable","txId":"1729382256915243160","uid":"15374","untagged":"no","userdom":":all:","vnetOnly":"no"}}},{"fvRsDomAtt":{"attributes":{"annotation":"orchestrator:ansible","bindingType":"none","childAction":"","classPref":"encap","configIssues":"","customEpgName":"","delimiter":"","dn":"uni/tn-TN-Production/ap-AP/epg-EPG-T3/rsdomAtt-[uni/phys-PHY-USER]","encap":"unknown","encapMode":"auto","epgCos":"Cos0","epgCosPref":"disabled","extMngdBy":"","forceResolve":"yes","instrImedcy":"lazy","lagPolicyName":"","lcOwn":"local","modTs":"2023-07-13T10:37:35.295+00:00","mode":"default","monPolDn":"uni/tn-common/monepg-default","netflowDir":"both","netflowPref":"disabled","numPorts":"0","portAllocation":"none","primaryEncap":"unknown","primaryEncapInner":"unknown","rType":"mo","resImedcy":"lazy","secondaryEncapInner":"unknown","state":"formed","stateQual":"none","status":"","switchingMode":"native","tCl":"physDomP","tDn":"uni/phys-PHY-USER","tType":"mo","triggerSt":"not_triggerable","txId":"5188146770737274522","uid":"15374","untagged":"no","userdom":":all:","vnetOnly":"no"}}}]}