{"totalCount":"6","imdata":[{"fvRsBd":{"attributes":{"annotation":"","childAction":"","dn":"uni/tn-TN-Production/ap-AP/epg-EPG-T1/rsbd","extMngdBy":"","forceResolve":"yes","lcOwn":"local","modTs":"2022-09-19T14:33:13.758+00:00","monPolDn":"uni/tn-common/monepg-default","rType":"mo","state":"formed","stateQual":"none","status":"","tCl":"fvBD","tContextDn":"","tDn":"uni/tn-TN-Production/BD-BD-T1","tRn":"BD-BD-T1","tType":"name","tnFvBDName":"BD-T1","uid":"0","userdom":"all"}}},{"fvRsBd":{"attributes":{"annotation":"","childAction":"","dn":"uni/tn-TN-Production/ap-AP/epg-EPG-T2/rsbd","extMngdBy":"","forceResolve":"yes","lcOwn":"local","modTs":"2023-06-08T13:01:13.344+00:00","monPolDn":"uni/tn-common/monepg-default","rType":"mo","state":"formed","stateQual":"none","status":"","tCl":"fvBD","tContextDn":"","tDn":"uni/tn-TN-Production/BD-BD-T2","tRn":"BD-BD-T2","tType":"name","tnFvBDName":"BD-T2","uid":"0","userdom":"all"}}},{"fvRsBd":{"attributes":{"annotation":"","childAction":"","dn":"uni/tn-common/ap-AP/epg-EPG-dummy/rsbd","extMngdBy":"","forceResolve":"yes","lcOwn":"local","modTs":"2023-07-11T12:23:11.409+00:00","monPolDn":"uni/tn-common/monepg-default","rType":"mo","state":"formed","stateQual":"none","status":"","tCl":"fvBD","tContextDn":"","tDn":"uni/tn-common/BD-BD-Global-T1","tRn":"BD-BD-Global-T1","tType":"name","tnFvBDName":"BD-Global-T1","uid":"0","userdom":"all"}}},{"fvRsBd":{"attributes":{"annotation":"","childAction":"","dn":"uni/tn-TN-Production/ap-AP/epg-EPG-T3/rsbd","extMngdBy":"","forceResolve":"yes","lcOwn":"local","modTs":"2023-07-13T10:37:33.878+00:00","monPolDn":"uni/tn-common/monepg-default","rType":"mo","state":"formed","stateQual":"none","status":"","tCl":"fvBD","tContextDn":"","tDn":"uni/tn-TN-Production/BD-BD-T3","tRn":"BD-BD-T3","tType":"name","tnFvBDName":"BD-T3","uid":"0","userdom":"all"}}},{"fvRsBd":{"attributes":{"annotation":"","childAction":"","dn":"uni/tn-infra/ap-ave-ctrl/epg-ave-ctrl/rsbd","extMngdBy":"","forceResolve":"yes","lcOwn":"local","modTs":"2022-09-19T12:46:18.099+00:00","monPolDn":"uni/tn-common/monepg-default","rType":"mo","state":"formed","stateQual":"none","status":"","tCl":"fvBD","tContextDn":"","tDn":"uni/tn-infra/BD-ave-ctrl","tRn":"BD-ave-ctrl","tType":"name","tnFvBDName":"ave-ctrl","uid":"0","userdom":"all"}}},{"fvRsBd":{"attributes":{"annotation":"","childAction":"","dn":"uni/tn-infra/ap-access/epg-default/rsbd","extMngdBy":"","forceResolve":"yes","lcOwn":"local","modTs":"2022-09-19T12:46:18.099+00:00","monPolDn":"uni/tn-common/monepg-default","rType":"mo","state":"formed","stateQual":"none","status":"","tCl":"fvBD","tContextDn":"","tDn":"uni/tn-infra/BD-default","tRn":"BD-default","tType":"name","tnFvBDName":"default","uid":"0","userdom":"all"}}}]}