{"totalCount":"5","imdata":[{"fvRsCons":{"attributes":{"accessPrivilege":"USER","annotation":"","childAction":"","ctrctUpd":"ctrct","deplInfo":"","dn":"uni/tn-TN-Production/out-L3O/instP-ANY/rscons-ALLOW-ALL","extMngdBy":"","forceResolve":"yes","intent":"install","lcOwn":"local","modTs":"2022-09-19T14:33:13.758+00:00","monPolDn":"uni/tn-common/monepg-default","prio":"unspecified","rType":"mo","state":"formed","stateQual":"none","status":"","tCl":"vzBrCP","tContextDn":"","tDn":"uni/tn-TN-Production/brc-ALLOW-ALL","tRn":"brc-ALLOW-ALL","tType":"name","tnVzBrCPName":"ALLOW-ALL","triggerSt":"triggerable","uid":"15374","updateCollection":"no","userdom":":all:"}}},{"fvRsCons":{"attributes":{"accessPrivilege":"USER","annotation":"","childAction":"","ctrctUpd":"ctrct","deplInfo":"","dn":"uni/tn-TN-Production/ap-AP/epg-EPG-T1/rscons-T1-T2","extMngdBy":"","forceResolve":"yes","intent":"install","lcOwn":"local","modTs":"2023-06-08T13:06:02.633+00:00","monPolDn":"uni/tn-common/monepg-default","prio":"unspecified","rType":"mo","state":"formed","stateQual":"none","status":"","tCl":"vzBrCP","tContextDn":"","tDn":"uni/tn-TN-Production/brc-T1-T2","tRn":"brc-T1-T2","tType":"name","tnVzBrCPName":"T1-T2","triggerSt":"triggerable","uid":"15374","updateCollection":"no","userdom":":all:"}}},{"fvRsCons":{"attributes":{"accessPrivilege":"USER","annotation":"orchestrator:ansible","childAction":"","ctrctUpd":"ctrct","deplInfo":"","dn":"uni/tn-TN-Production/ap-AP/epg-EPG-T2/rscons-T2-T3","extMngdBy":"","forceResolve":"yes","intent":"install","lcOwn":"local","modTs":"2023-07-13T10:37:41.429+00:00","monPolDn":"uni/tn-common/monepg-default","prio":"unspecified","rType":"mo","state":"formed","stateQual":"none","status":"","tCl":"vzBrCP","tContextDn":"","tDn":"uni/tn-TN-Production/brc-T2-T3","tRn":"brc-T2-T3","tType":"name","tnVzBrCPName":"T2-T3","triggerSt":"triggerable","uid":"15374","updateCollection":"no","userdom":":all:"}}},{"fvRsCons":{"attributes":{"accessPrivilege":"USER","annotation":"orchestrator:ansible","childAction":"","ctrctUpd":"ctrct","deplInfo":"","dn":"uni/tn-TN-Production/ap-AP/epg-EPG-T2/rscons-ALLOW-ALL","extMngdBy":"","forceResolve":"yes","intent":"install","lcOwn":"local","modTs":"2023-07-13T10:37:39.013+00:00","monPolDn":"uni/tn-common/monepg-default","prio":"unspecified","rType":"mo","state":"formed","stateQual":"none","status":"","tCl":"vzBrCP","tContextDn":"","tDn":"uni/tn-TN-Production/brc-ALLOW-ALL","tRn":"brc-ALLOW-ALL","tType":"name","tnVzBrCPName":"ALLOW-ALL","triggerSt":"triggerable","uid":"15374","updateCollection":"no","userdom":":all:"}}},{"fvRsCons":{"attributes":{"accessPrivilege":"USER","annotation":"","childAction":"","ctrctUpd":"ctrct","deplInfo":"","dn":"uni/tn-mgmt/out-L3OUT-SWLAB-INBAND/instP-ANY/rscons-INBAND","extMngdBy":"","forceResolve":"yes","intent":"install","lcOwn":"local","modTs":"2023-05-15T16:14:14.709+00:00","monPolDn":"","prio":"unspecified","rType":"mo","state":"formed","stateQual":"none","status":"","tCl":"vzBrCP","tContextDn":"","tDn":"uni/tn-mgmt/brc-INBAND","tRn":"brc-INBAND","tType":"name","tnVzBrCPName":"INBAND","triggerSt":"triggerable","uid":"15374","updateCollection":"no","userdom":":all:"}}}]}