{"totalCount":"8","imdata":[{"fvRsCtx":{"attributes":{"annotation":"","childAction":"","dn":"uni/tn-infra/BD-ave-ctrl/rsctx","extMngdBy":"","forceResolve":"yes","lcOwn":"local","modTs":"2022-09-19T12:46:18.099+00:00","monPolDn":"uni/tn-common/monepg-default","rType":"mo","state":"formed","stateQual":"none","status":"","tCl":"fvCtx","tContextDn":"","tDn":"uni/tn-infra/ctx-ave-ctrl","tRn":"ctx-ave-ctrl","tType":"name","tnFvCtxName":"ave-ctrl","uid":"0","userdom":"all"}}},{"fvRsCtx":{"attributes":{"annotation":"","childAction":"","dn":"uni/tn-infra/BD-default/rsctx","extMngdBy":"","forceResolve":"yes","lcOwn":"local","modTs":"2022-09-19T12:46:18.099+00:00","monPolDn":"uni/tn-common/monepg-default","rType":"mo","state":"formed","stateQual":"none","status":"","tCl":"fvCtx","tContextDn":"","tDn":"uni/tn-infra/ctx-overlay-1","tRn":"ctx-overlay-1","tType":"name","tnFvCtxName":"overlay-1","uid":"0","userdom":"all"}}},{"fvRsCtx":{"attributes":{"annotation":"","childAction":"","dn":"uni/tn-mgmt/BD-inb/rsctx","extMngdBy":"","forceResolve":"yes","lcOwn":"local","modTs":"2023-05-15T16:14:14.619+00:00","monPolDn":"uni/tn-common/monepg-default","rType":"mo","state":"formed","stateQual":"none","status":"","tCl":"fvCtx","tContextDn":"","tDn":"uni/tn-mgmt/ctx-inb","tRn":"ctx-inb","tType":"name","tnFvCtxName":"inb","uid":"0","userdom":"all"}}},{"fvRsCtx":{"attributes":{"annotation":"","childAction":"","dn":"uni/tn-common/BD-default/rsctx","extMngdBy":"","forceResolve":"yes","lcOwn":"local","modTs":"2022-09-19T12:46:11.410+00:00","monPolDn":"uni/tn-common/monepg-default","rType":"mo","state":"formed","stateQual":"default-target","status":"","tCl":"fvCtx","tContextDn":"","tDn":"uni/tn-common/ctx-default","tRn":"ctx-default","tType":"name","tnFvCtxName":"","uid":"0","userdom":"all"}}},{"fvRsCtx":{"attributes":{"annotation":"","childAction":"","dn":"uni/tn-common/BD-BD-Global-T1/rsctx","extMngdBy":"","forceResolve":"yes","lcOwn":"local","modTs":"2022-09-19T14:32:56.067+00:00","monPolDn":"uni/tn-common/monepg-default","rType":"mo","state":"formed","stateQual":"none","status":"","tCl":"fvCtx","tContextDn":"","tDn":"uni/tn-common/ctx-default","tRn":"ctx-default","tType":"name","tnFvCtxName":"default","uid":"0","userdom":"all"}}},{"fvRsCtx":{"attributes":{"annotation":"","childAction":"","dn":"uni/tn-TN-Production/BD-BD-T1/rsctx","extMngdBy":"","forceResolve":"yes","lcOwn":"local","modTs":"2022-09-19T14:33:13.758+00:00","monPolDn":"uni/tn-common/monepg-default","rType":"mo","state":"formed","stateQual":"none","status":"","tCl":"fvCtx","tContextDn":"","tDn":"uni/tn-TN-Production/ctx-default","tRn":"ctx-default","tType":"name","tnFvCtxName":"default","uid":"0","userdom":"all"}}},{"fvRsCtx":{"attributes":{"annotation":"","childAction":"","dn":"uni/tn-TN-Production/BD-BD-T2/rsctx","extMngdBy":"","forceResolve":"yes","lcOwn":"local","modTs":"2023-06-08T13:01:13.344+00:00","monPolDn":"uni/tn-common/monepg-default","rType":"mo","state":"formed","stateQual":"none","status":"","tCl":"fvCtx","tContextDn":"","tDn":"uni/tn-TN-Production/ctx-default","tRn":"ctx-default","tType":"name","tnFvCtxName":"default","uid":"0","userdom":"all"}}},{"fvRsCtx":{"attributes":{"annotation":"","childAction":"","dn":"uni/tn-TN-Production/BD-BD-T3/rsctx","extMngdBy":"","forceResolve":"yes","lcOwn":"local","modTs":"2023-07-13T10:37:31.085+00:00","monPolDn":"uni/tn-common/monepg-default","rType":"mo","state":"formed","stateQual":"none","status":"","tCl":"fvCtx","tContextDn":"","tDn":"uni/tn-TN-Production/ctx-default","tRn":"ctx-default","tType":"name","tnFvCtxName":"default","uid":"0","userdom":"all"}}}]}