{"totalCount":"4","imdata":[{"fvRsPathAtt":{"attributes":{"annotation":"","childAction":"","descr":"","dn":"uni/tn-TN-Production/ap-AP/epg-EPG-T1/rspathAtt-[topology/pod-2/paths-2101/pathep-[eth1/2]]","encap":"vlan-2001","extMngdBy":"","forceResolve":"yes","instrImedcy":"lazy","lcC":"","lcOwn":"local","modTs":"2023-06-08T12:03:57.488+00:00","mode":"regular","monPolDn":"uni/tn-common/monepg-default","primaryEncap":"unknown","rType":"mo","state":"unformed","stateQual":"none","status":"","tCl":"fabricPathEp","tDn":"topology/pod-2/paths-2101/pathep-[eth1/2]","tType":"mo","uid":"15374","userdom":":all:"}}},{"fvRsPathAtt":{"attributes":{"annotation":"","childAction":"","descr":"","dn":"uni/tn-TN-Production/ap-AP/epg-EPG-T2/rspathAtt-[topology/pod-2/paths-2101/pathep-[eth1/2]]","encap":"vlan-2002","extMngdBy":"","forceResolve":"yes","instrImedcy":"lazy","lcC":"","lcOwn":"local","modTs":"2023-06-08T12:59:45.222+00:00","mode":"regular","monPolDn":"uni/tn-common/monepg-default","primaryEncap":"unknown","rType":"mo","state":"unformed","stateQual":"none","status":"","tCl":"fabricPathEp","tDn":"topology/pod-2/paths-2101/pathep-[eth1/2]","tType":"mo","uid":"15374","userdom":":all:"}}},{"fvRsPathAtt":{"attributes":{"annotation":"","childAction":"","descr":"","dn":"uni/tn-common/ap-AP/epg-EPG-dummy/rspathAtt-[topology/pod-1/paths-1101/pathep-[eth1/1]]","encap":"vlan-2001","extMngdBy":"","forceResolve":"yes","instrImedcy":"lazy","lcC":"","lcOwn":"local","modTs":"2023-07-11T12:24:52.293+00:00","mode":"regular","monPolDn":"uni/tn-common/monepg-default","primaryEncap":"unknown","rType":"mo","state":"unformed","stateQual":"none","status":"","tCl":"fabricPathEp","tDn":"topology/pod-1/paths-1101/pathep-[eth1/1]","tType":"mo","uid":"15374","userdom":":all:"}}},{"fvRsPathAtt":{"attributes":{"annotation":"","childAction":"","descr":"","dn":"uni/tn-common/ap-AP/epg-EPG-dummy/rspathAtt-[topology/pod-1/paths-1102/pathep-[eth1/1]]","encap":"vlan-2001","extMngdBy":"","forceResolve":"yes","instrImedcy":"lazy","lcC":"","lcOwn":"local","modTs":"2023-07-12T14:07:01.063+00:00","mode":"regular","monPolDn":"uni/tn-common/monepg-default","primaryEncap":"unknown","rType":"mo","state":"unformed","stateQual":"none","status":"","tCl":"fabricPathEp","tDn":"topology/pod-1/paths-1102/pathep-[eth1/1]","tType":"mo","uid":"15374","userdom":":all:"}}}]}