{"totalCount":"5","imdata":[{"fvTenant":{"attributes":{"annotation":"","childAction":"","descr":"","dn":"uni/tn-mgmt","extMngdBy":"","lcOwn":"local","modTs":"2022-09-19T12:46:17.946+00:00","monPolDn":"uni/tn-common/monepg-default","name":"mgmt","nameAlias":"","ownerKey":"","ownerTag":"","status":"","uid":"0","userdom":"all"}}},{"fvTenant":{"attributes":{"annotation":"","childAction":"","descr":"","dn":"uni/tn-infra","extMngdBy":"","lcOwn":"local","modTs":"2022-09-19T12:46:18.099+00:00","monPolDn":"uni/tn-common/monepg-default","name":"infra","nameAlias":"","ownerKey":"","ownerTag":"","status":"","uid":"0","userdom":"all"}}},{"fvTenant":{"attributes":{"annotation":"orchestrator:msc","childAction":"","descr":"","dn":"uni/tn-common","extMngdBy":"","lcOwn":"local","modTs":"2022-09-19T14:32:56.067+00:00","monPolDn":"uni/tn-common/monepg-default","name":"common","nameAlias":"","ownerKey":"","ownerTag":"","status":"","uid":"0","userdom":"all"}}},{"fvTenant":{"attributes":{"annotation":"orchestrator:ansible","childAction":"","descr":"","dn":"uni/tn-TN-Production","extMngdBy":"","lcOwn":"local","modTs":"2023-06-12T00:09:17.580+00:00","monPolDn":"uni/tn-common/monepg-default","name":"TN-Production","nameAlias":"","ownerKey":"","ownerTag":"","status":"","uid":"15374","userdom":":all:"}}},{"fvTenant":{"attributes":{"annotation":"","childAction":"","descr":"","dn":"uni/tn-routing-test-dummy","extMngdBy":"","lcOwn":"local","modTs":"2023-07-11T13:06:05.686+00:00","monPolDn":"uni/tn-common/monepg-default","name":"routing-test-dummy","nameAlias":"","ownerKey":"","ownerTag":"","status":"","uid":"15374","userdom":":all:"}}}]}