{"totalCount":"3","imdata":[{"healthInst":{"attributes":{"childAction":"","chng":"9999","cur":"78","dn":"topology/pod-1/node-1101/sys/health","maxSev":"cleared","prev":"0","status":"","twScore":"78","updTs":"2023-07-25T00:14:48.024+00:00"}}},{"healthInst":{"attributes":{"childAction":"","chng":"-2","cur":"90","dn":"topology/pod-1/node-1201/sys/health","maxSev":"cleared","prev":"92","status":"","twScore":"90","updTs":"2023-07-14T15:36:03.831+00:00"}}},{"healthInst":{"attributes":{"childAction":"","chng":"8","cur":"78","dn":"topology/pod-1/node-1102/sys/health","maxSev":"cleared","prev":"72","status":"","twScore":"78","updTs":"2023-07-14T15:45:02.379+00:00"}}}]}