{"totalCount":"19","imdata":[{"infraRsAccBaseGrp":{"attributes":{"annotation":"","childAction":"","dn":"uni/infra/accportprof-LEAF1101/hports-1_48-typ-range/rsaccBaseGrp","extMngdBy":"","fexId":"101","forceResolve":"yes","lcOwn":"local","modTs":"2022-09-19T14:33:03.052+00:00","monPolDn":"uni/fabric/monfab-default","rType":"mo","state":"formed","stateQual":"none","status":"","tCl":"infraAccPortGrp","tDn":"uni/infra/funcprof/accportgrp-INB_MGMT","tType":"mo","uid":"15374","userdom":":all:"}}},{"infraRsAccBaseGrp":{"attributes":{"annotation":"","childAction":"","dn":"uni/infra/accportprof-LEAF1101/hports-1_25-typ-range/rsaccBaseGrp","extMngdBy":"","fexId":"101","forceResolve":"yes","lcOwn":"local","modTs":"2022-09-19T14:33:03.052+00:00","monPolDn":"uni/fabric/monfab-default","rType":"mo","state":"formed","stateQual":"none","status":"","tCl":"infraAccPortGrp","tDn":"uni/infra/funcprof/accportgrp-INB_MGMT","tType":"mo","uid":"15374","userdom":":all:"}}},{"infraRsAccBaseGrp":{"attributes":{"annotation":"","childAction":"","dn":"uni/infra/accportprof-LEAF2102/hports-1_1-typ-range/rsaccBaseGrp","extMngdBy":"","fexId":"101","forceResolve":"yes","lcOwn":"local","modTs":"2022-09-19T14:33:03.052+00:00","monPolDn":"uni/fabric/monfab-default","rType":"mo","state":"formed","stateQual":"none","status":"","tCl":"infraAccPortGrp","tDn":"uni/infra/funcprof/accportgrp-ENDOR-ACCESS-PG","tType":"mo","uid":"15374","userdom":":all:"}}},{"infraRsAccBaseGrp":{"attributes":{"annotation":"","childAction":"","dn":"uni/infra/accportprof-LEAF2102/hports-1_25-typ-range/rsaccBaseGrp","extMngdBy":"","fexId":"101","forceResolve":"yes","lcOwn":"local","modTs":"2022-09-19T14:33:03.052+00:00","monPolDn":"uni/fabric/monfab-default","rType":"mo","state":"formed","stateQual":"none","status":"","tCl":"infraAccPortGrp","tDn":"uni/infra/funcprof/accportgrp-SW-OOB","tType":"mo","uid":"15374","userdom":":all:"}}},{"infraRsAccBaseGrp":{"attributes":{"annotation":"","childAction":"","dn":"uni/infra/accportprof-LEAF1102/hports-1_48-typ-range/rsaccBaseGrp","extMngdBy":"","fexId":"101","forceResolve":"yes","lcOwn":"local","modTs":"2022-09-19T14:33:03.052+00:00","monPolDn":"uni/fabric/monfab-default","rType":"mo","state":"formed","stateQual":"none","status":"","tCl":"infraAccPortGrp","tDn":"uni/infra/funcprof/accportgrp-INB_MGMT","tType":"mo","uid":"15374","userdom":":all:"}}},{"infraRsAccBaseGrp":{"attributes":{"annotation":"","childAction":"","dn":"uni/infra/accportprof-LEAF1102/hports-1_4-typ-range/rsaccBaseGrp","extMngdBy":"","fexId":"101","forceResolve":"yes","lcOwn":"local","modTs":"2023-02-23T10:38:28.959+00:00","monPolDn":"uni/fabric/monfab-default","rType":"mo","state":"formed","stateQual":"none","status":"","tCl":"infraAccPortGrp","tDn":"uni/infra/funcprof/accportgrp-ESXi-ACCESS","tType":"mo","uid":"15374","userdom":":all:"}}},{"infraRsAccBaseGrp":{"attributes":{"annotation":"","childAction":"","dn":"uni/infra/accportprof-LEAF1102/hports-1_2-typ-range/rsaccBaseGrp","extMngdBy":"","fexId":"101","forceResolve":"yes","lcOwn":"local","modTs":"2023-02-23T10:38:28.959+00:00","monPolDn":"uni/fabric/monfab-default","rType":"mo","state":"formed","stateQual":"none","status":"","tCl":"infraAccPortGrp","tDn":"uni/infra/funcprof/accportgrp-ESXi-ACCESS","tType":"mo","uid":"15374","userdom":":all:"}}},{"infraRsAccBaseGrp":{"attributes":{"annotation":"","childAction":"","dn":"uni/infra/accportprof-LEAF1102/hports-1_6-typ-range/rsaccBaseGrp","extMngdBy":"","fexId":"101","forceResolve":"yes","lcOwn":"local","modTs":"2023-02-23T10:38:28.959+00:00","monPolDn":"uni/fabric/monfab-default","rType":"mo","state":"formed","stateQual":"none","status":"","tCl":"infraAccPortGrp","tDn":"uni/infra/funcprof/accportgrp-ESXi-ACCESS","tType":"mo","uid":"15374","userdom":":all:"}}},{"infraRsAccBaseGrp":{"attributes":{"annotation":"","childAction":"","dn":"uni/infra/accportprof-LEAF1102/hports-1_3-typ-range/rsaccBaseGrp","extMngdBy":"","fexId":"101","forceResolve":"yes","lcOwn":"local","modTs":"2023-02-23T10:38:28.959+00:00","monPolDn":"uni/fabric/monfab-default","rType":"mo","state":"formed","stateQual":"none","status":"","tCl":"infraAccPortGrp","tDn":"uni/infra/funcprof/accportgrp-ESXi-ACCESS","tType":"mo","uid":"15374","userdom":":all:"}}},{"infraRsAccBaseGrp":{"attributes":{"annotation":"","childAction":"","dn":"uni/infra/accportprof-LEAF1102/hports-1_25-typ-range/rsaccBaseGrp","extMngdBy":"","fexId":"101","forceResolve":"yes","lcOwn":"local","modTs":"2023-02-23T10:38:28.959+00:00","monPolDn":"uni/fabric/monfab-default","rType":"mo","state":"formed","stateQual":"none","status":"","tCl":"infraAccPortGrp","tDn":"uni/infra/funcprof/accportgrp-INB_MGMT","tType":"mo","uid":"15374","userdom":":all:"}}},{"infraRsAccBaseGrp":{"attributes":{"annotation":"","childAction":"","dn":"uni/infra/accportprof-LEAF1101/hports-1_2-typ-range/rsaccBaseGrp","extMngdBy":"","fexId":"101","forceResolve":"yes","lcOwn":"local","modTs":"2023-02-23T10:29:01.075+00:00","monPolDn":"uni/fabric/monfab-default","rType":"mo","state":"formed","stateQual":"none","status":"","tCl":"infraAccPortGrp","tDn":"uni/infra/funcprof/accportgrp-ESXi-ACCESS","tType":"mo","uid":"15374","userdom":":all:"}}},{"infraRsAccBaseGrp":{"attributes":{"annotation":"","childAction":"","dn":"uni/infra/accportprof-LEAF1101/hports-1_3-typ-range/rsaccBaseGrp","extMngdBy":"","fexId":"101","forceResolve":"yes","lcOwn":"local","modTs":"2023-02-23T10:29:31.846+00:00","monPolDn":"uni/fabric/monfab-default","rType":"mo","state":"formed","stateQual":"none","status":"","tCl":"infraAccPortGrp","tDn":"uni/infra/funcprof/accportgrp-ESXi-ACCESS","tType":"mo","uid":"15374","userdom":":all:"}}},{"infraRsAccBaseGrp":{"attributes":{"annotation":"","childAction":"","dn":"uni/infra/accportprof-LEAF1102/hports-1_5-typ-range/rsaccBaseGrp","extMngdBy":"","fexId":"101","forceResolve":"yes","lcOwn":"local","modTs":"2023-02-23T10:38:28.959+00:00","monPolDn":"uni/fabric/monfab-default","rType":"mo","state":"formed","stateQual":"none","status":"","tCl":"infraAccPortGrp","tDn":"uni/infra/funcprof/accportgrp-ESXi-ACCESS","tType":"mo","uid":"15374","userdom":":all:"}}},{"infraRsAccBaseGrp":{"attributes":{"annotation":"","childAction":"","dn":"uni/infra/accportprof-LEAF1102/hports-1_1-typ-range/rsaccBaseGrp","extMngdBy":"","fexId":"101","forceResolve":"yes","lcOwn":"local","modTs":"2023-02-23T10:38:28.959+00:00","monPolDn":"uni/fabric/monfab-default","rType":"mo","state":"formed","stateQual":"none","status":"","tCl":"infraAccPortGrp","tDn":"uni/infra/funcprof/accportgrp-ESXi-ACCESS","tType":"mo","uid":"15374","userdom":":all:"}}},{"infraRsAccBaseGrp":{"attributes":{"annotation":"","childAction":"","dn":"uni/infra/accportprof-LEAF1101/hports-1_6-typ-range/rsaccBaseGrp","extMngdBy":"","fexId":"101","forceResolve":"yes","lcOwn":"local","modTs":"2023-02-23T10:32:58.331+00:00","monPolDn":"uni/fabric/monfab-default","rType":"mo","state":"formed","stateQual":"none","status":"","tCl":"infraAccPortGrp","tDn":"uni/infra/funcprof/accportgrp-ESXi-ACCESS","tType":"mo","uid":"15374","userdom":":all:"}}},{"infraRsAccBaseGrp":{"attributes":{"annotation":"","childAction":"","dn":"uni/infra/accportprof-LEAF1101/hports-1_5-typ-range/rsaccBaseGrp","extMngdBy":"","fexId":"101","forceResolve":"yes","lcOwn":"local","modTs":"2023-02-23T10:32:36.062+00:00","monPolDn":"uni/fabric/monfab-default","rType":"mo","state":"formed","stateQual":"none","status":"","tCl":"infraAccPortGrp","tDn":"uni/infra/funcprof/accportgrp-ESXi-ACCESS","tType":"mo","uid":"15374","userdom":":all:"}}},{"infraRsAccBaseGrp":{"attributes":{"annotation":"","childAction":"","dn":"uni/infra/accportprof-LEAF1101/hports-1_1-typ-range/rsaccBaseGrp","extMngdBy":"","fexId":"101","forceResolve":"yes","lcOwn":"local","modTs":"2023-02-23T10:28:02.072+00:00","monPolDn":"uni/fabric/monfab-default","rType":"mo","state":"formed","stateQual":"none","status":"","tCl":"infraAccPortGrp","tDn":"uni/infra/funcprof/accportgrp-ESXi-ACCESS","tType":"mo","uid":"15374","userdom":":all:"}}},{"infraRsAccBaseGrp":{"attributes":{"annotation":"","childAction":"","dn":"uni/infra/accportprof-LEAF1101/hports-1_4-typ-range/rsaccBaseGrp","extMngdBy":"","fexId":"101","forceResolve":"yes","lcOwn":"local","modTs":"2023-02-23T10:31:38.540+00:00","monPolDn":"uni/fabric/monfab-default","rType":"mo","state":"formed","stateQual":"none","status":"","tCl":"infraAccPortGrp","tDn":"uni/infra/funcprof/accportgrp-ESXi-ACCESS","tType":"mo","uid":"15374","userdom":":all:"}}},{"infraRsAccBaseGrp":{"attributes":{"annotation":"","childAction":"","dn":"uni/infra/accportprof-LEAF2101/hports-1_2-typ-range/rsaccBaseGrp","extMngdBy":"","fexId":"101","forceResolve":"yes","lcOwn":"local","modTs":"2023-06-08T12:02:15.504+00:00","monPolDn":"uni/fabric/monfab-default","rType":"mo","state":"formed","stateQual":"none","status":"","tCl":"infraAccPortGrp","tDn":"uni/infra/funcprof/accportgrp-ENDOR-ACCESS-PG","tType":"mo","uid":"15374","userdom":":all:"}}}]}