{"totalCount":"24","imdata":[{"infraRsVlanNs":{"attributes":{"annotation":"","childAction":"","dn":"uni/phys-PHY-INBAND-MGMT/rsvlanNs","extMngdBy":"","forceResolve":"yes","lcOwn":"local","modTs":"2022-09-19T14:33:11.605+00:00","monPolDn":"uni/fabric/monfab-default","rType":"mo","state":"formed","stateQual":"none","status":"","tCl":"fvnsVlanInstP","tDn":"uni/infra/vlanns-[VLAN-INB]-static","tType":"mo","uid":"15374","userdom":"all"}}},{"infraRsVlanNs":{"attributes":{"annotation":"","childAction":"","dn":"uni/phys-PHY-USER/rsvlanNs","extMngdBy":"","forceResolve":"yes","lcOwn":"local","modTs":"2022-09-19T14:33:06.898+00:00","monPolDn":"uni/fabric/monfab-default","rType":"mo","state":"formed","stateQual":"none","status":"","tCl":"fvnsVlanInstP","tDn":"uni/infra/vlanns-[VLAN-USER]-static","tType":"mo","uid":"15374","userdom":":all:"}}},{"infraRsVlanNs":{"attributes":{"annotation":"","childAction":"","dn":"uni/phys-PHY-PTP/rsvlanNs","extMngdBy":"","forceResolve":"yes","lcOwn":"local","modTs":"2022-09-19T14:33:05.258+00:00","monPolDn":"uni/fabric/monfab-default","rType":"mo","state":"formed","stateQual":"none","status":"","tCl":"fvnsVlanInstP","tDn":"uni/infra/vlanns-[VLAN-PTP]-static","tType":"mo","uid":"15374","userdom":":all:"}}},{"infraRsVlanNs":{"attributes":{"annotation":"","childAction":"","dn":"uni/l3dom-L3_IPN/rsvlanNs","extMngdBy":"","forceResolve":"yes","lcOwn":"local","modTs":"2022-09-19T14:33:12.112+00:00","monPolDn":"uni/fabric/monfab-default","rType":"mo","state":"formed","stateQual":"none","status":"","tCl":"fvnsVlanInstP","tDn":"uni/infra/vlanns-[VLAN-IPN]-static","tType":"mo","uid":"15374","userdom":":all:"}}},{"infraRsVlanNs":{"attributes":{"annotation":"","childAction":"","dn":"uni/l3dom-L3_INB/rsvlanNs","extMngdBy":"","forceResolve":"yes","lcOwn":"local","modTs":"2022-09-19T14:33:06.898+00:00","monPolDn":"uni/fabric/monfab-default","rType":"mo","state":"formed","stateQual":"none","status":"","tCl":"fvnsVlanInstP","tDn":"uni/infra/vlanns-[VLAN-INB]-static","tType":"mo","uid":"15374","userdom":":all:"}}},{"infraRsVlanNs":{"attributes":{"annotation":"","childAction":"","dn":"uni/l3dom-L3_USER/rsvlanNs","extMngdBy":"","forceResolve":"yes","lcOwn":"local","modTs":"2022-09-19T14:33:10.777+00:00","monPolDn":"uni/fabric/monfab-default","rType":"mo","state":"formed","stateQual":"none","status":"","tCl":"fvnsVlanInstP","tDn":"uni/infra/vlanns-[VLAN-USER]-static","tType":"mo","uid":"15374","userdom":":all:"}}},{"infraRsVlanNs":{"attributes":{"annotation":"","childAction":"","dn":"uni/vmmp-VMware/dom-DW_VN_VW_O_PRO_SRV_DC3_001/rsvlanNs","extMngdBy":"","forceResolve":"yes","lcOwn":"local","modTs":"2022-09-19T14:33:13.614+00:00","monPolDn":"uni/fabric/monfab-default","rType":"mo","state":"missing-target","stateQual":"none","status":"","tCl":"fvnsVlanInstP","tDn":"uni/infra/vlanns-[VLAN-VMWARE-SF-pro02]-dynamic","tType":"mo","uid":"15374","userdom":"all"}}},{"infraRsVlanNs":{"attributes":{"annotation":"","childAction":"","dn":"uni/vmmp-VMware/dom-SWLAB-BCN-VMM/rsvlanNs","extMngdBy":"","forceResolve":"yes","lcOwn":"local","modTs":"2023-01-26T17:33:09.933+00:00","monPolDn":"uni/fabric/monfab-default","rType":"mo","state":"formed","stateQual":"none","status":"","tCl":"fvnsVlanInstP","tDn":"uni/infra/vlanns-[VLAN-VMM]-dynamic","tType":"mo","uid":"15374","userdom":":all:"}}},{"infraRsVlanNs":{"attributes":{"annotation":"","childAction":"","dn":"uni/vmmp-VMware/dom-DW_VN_VW_O_LNZO_PRO_NFS_DC4_001/rsvlanNs","extMngdBy":"","forceResolve":"yes","lcOwn":"local","modTs":"2022-09-19T14:33:13.614+00:00","monPolDn":"uni/fabric/monfab-default","rType":"mo","state":"missing-target","stateQual":"none","status":"","tCl":"fvnsVlanInstP","tDn":"uni/infra/vlanns-[VLAN-VMWARE-LNZO_PRO_NFS-pro01]-dynamic","tType":"mo","uid":"15374","userdom":"all"}}},{"infraRsVlanNs":{"attributes":{"annotation":"","childAction":"","dn":"uni/vmmp-VMware/dom-DW_VN_VW_O_LNZO_PRO_M_B_DC4_001/rsvlanNs","extMngdBy":"","forceResolve":"yes","lcOwn":"local","modTs":"2022-09-19T14:33:11.044+00:00","monPolDn":"uni/fabric/monfab-default","rType":"mo","state":"missing-target","stateQual":"none","status":"","tCl":"fvnsVlanInstP","tDn":"uni/infra/vlanns-[VLAN-VMWARE-LNZO_PRO_M_B-pro01]-dynamic","tType":"mo","uid":"15374","userdom":"all"}}},{"infraRsVlanNs":{"attributes":{"annotation":"","childAction":"","dn":"uni/vmmp-VMware/dom-DW_VN_VW_O_LNZO_PRO_SRV_DC4_001/rsvlanNs","extMngdBy":"","forceResolve":"yes","lcOwn":"local","modTs":"2022-09-19T14:32:56.285+00:00","monPolDn":"uni/fabric/monfab-default","rType":"mo","state":"missing-target","stateQual":"none","status":"","tCl":"fvnsVlanInstP","tDn":"uni/infra/vlanns-[VLAN-VMWARE-LNZO_PRO_SRV-pro01]-dynamic","tType":"mo","uid":"15374","userdom":"all"}}},{"infraRsVlanNs":{"attributes":{"annotation":"","childAction":"","dn":"uni/vmmp-VMware/dom-DW_VN_VW_O_PRO_NPR_SRV_DC3_001/rsvlanNs","extMngdBy":"","forceResolve":"yes","lcOwn":"local","modTs":"2022-09-19T14:33:10.580+00:00","monPolDn":"uni/fabric/monfab-default","rType":"mo","state":"missing-target","stateQual":"none","status":"","tCl":"fvnsVlanInstP","tDn":"uni/infra/vlanns-[VLAN-VMWARE-SF-pro02]-dynamic","tType":"mo","uid":"15374","userdom":"all"}}},{"infraRsVlanNs":{"attributes":{"annotation":"","childAction":"","dn":"uni/vmmp-VMware/dom-DW_VN_VW_O_LNZO_NPR_SRV_DC4_001/rsvlanNs","extMngdBy":"","forceResolve":"yes","lcOwn":"local","modTs":"2022-09-19T14:32:55.756+00:00","monPolDn":"uni/fabric/monfab-default","rType":"mo","state":"missing-target","stateQual":"none","status":"","tCl":"fvnsVlanInstP","tDn":"uni/infra/vlanns-[VLAN-VMWARE-LNZO_NPR_SRV-pro01]-dynamic","tType":"mo","uid":"15374","userdom":"all"}}},{"infraRsVlanNs":{"attributes":{"annotation":"","childAction":"","dn":"uni/vmmp-VMware/dom-DW_VN_VW_O_PRO_SRV_DC1_001/rsvlanNs","extMngdBy":"","forceResolve":"yes","lcOwn":"local","modTs":"2022-09-19T14:32:56.378+00:00","monPolDn":"uni/fabric/monfab-default","rType":"mo","state":"missing-target","stateQual":"none","status":"","tCl":"fvnsVlanInstP","tDn":"uni/infra/vlanns-[VLAN-VMWARE-CB-pro02]-dynamic","tType":"mo","uid":"15374","userdom":"all"}}},{"infraRsVlanNs":{"attributes":{"annotation":"","childAction":"","dn":"uni/vmmp-VMware/dom-DW_VN_VW_O_PRO_SRV_DC4_001/rsvlanNs","extMngdBy":"","forceResolve":"yes","lcOwn":"local","modTs":"2022-09-19T14:33:04.466+00:00","monPolDn":"uni/fabric/monfab-default","rType":"mo","state":"missing-target","stateQual":"none","status":"","tCl":"fvnsVlanInstP","tDn":"uni/infra/vlanns-[VLAN-VMWARE-EX-pro02]-dynamic","tType":"mo","uid":"15374","userdom":"all"}}},{"infraRsVlanNs":{"attributes":{"annotation":"","childAction":"","dn":"uni/vmmp-VMware/dom-DW_VN_VW_O_NPR_SRV_DC3_001/rsvlanNs","extMngdBy":"","forceResolve":"yes","lcOwn":"local","modTs":"2022-09-19T14:33:11.505+00:00","monPolDn":"uni/fabric/monfab-default","rType":"mo","state":"missing-target","stateQual":"none","status":"","tCl":"fvnsVlanInstP","tDn":"uni/infra/vlanns-[VLAN-TEST-3500]-dynamic","tType":"mo","uid":"15374","userdom":"all"}}},{"infraRsVlanNs":{"attributes":{"annotation":"","childAction":"","dn":"uni/vmmp-VMware/dom-DW_VN_VW_O_PRO_NPR_SRV_DC4_001/rsvlanNs","extMngdBy":"","forceResolve":"yes","lcOwn":"local","modTs":"2022-09-19T14:33:05.644+00:00","monPolDn":"uni/fabric/monfab-default","rType":"mo","state":"missing-target","stateQual":"none","status":"","tCl":"fvnsVlanInstP","tDn":"uni/infra/vlanns-[VLAN-VMWARE-EX-pro02]-dynamic","tType":"mo","uid":"15374","userdom":"all"}}},{"infraRsVlanNs":{"attributes":{"annotation":"","childAction":"","dn":"uni/vmmp-Redhat/dom-RHEV-cdvu-pro01/rsvlanNs","extMngdBy":"","forceResolve":"yes","lcOwn":"local","modTs":"2022-09-19T14:32:55.614+00:00","monPolDn":"uni/fabric/monfab-default","rType":"mo","state":"missing-target","stateQual":"none","status":"","tCl":"fvnsVlanInstP","tDn":"uni/infra/vlanns-[VLAN-RHEV-cdvu-pro01]-dynamic","tType":"mo","uid":"15374","userdom":"all"}}},{"infraRsVlanNs":{"attributes":{"annotation":"","childAction":"","dn":"uni/vmmp-Redhat/dom-RHEV-sfb-pro01/rsvlanNs","extMngdBy":"","forceResolve":"yes","lcOwn":"local","modTs":"2022-09-19T14:33:04.264+00:00","monPolDn":"uni/fabric/monfab-default","rType":"mo","state":"missing-target","stateQual":"none","status":"","tCl":"fvnsVlanInstP","tDn":"uni/infra/vlanns-[VLAN-RHEV-sfb-pro01]-dynamic","tType":"mo","uid":"15374","userdom":"all"}}},{"infraRsVlanNs":{"attributes":{"annotation":"","childAction":"","dn":"uni/vmmp-Redhat/dom-RHEV-str-pro01/rsvlanNs","extMngdBy":"","forceResolve":"yes","lcOwn":"local","modTs":"2022-09-19T14:33:10.145+00:00","monPolDn":"uni/fabric/monfab-default","rType":"mo","state":"missing-target","stateQual":"none","status":"","tCl":"fvnsVlanInstP","tDn":"uni/infra/vlanns-[VLAN-RHEV-str-pro01]-dynamic","tType":"mo","uid":"15374","userdom":"all"}}},{"infraRsVlanNs":{"attributes":{"annotation":"","childAction":"","dn":"uni/vmmp-Redhat/dom-RHEV-cdv-pro01/rsvlanNs","extMngdBy":"","forceResolve":"yes","lcOwn":"local","modTs":"2022-09-19T14:33:04.467+00:00","monPolDn":"uni/fabric/monfab-default","rType":"mo","state":"missing-target","stateQual":"none","status":"","tCl":"fvnsVlanInstP","tDn":"uni/infra/vlanns-[VLAN-RHEV-cdv-pro01]-dynamic","tType":"mo","uid":"15374","userdom":"all"}}},{"infraRsVlanNs":{"attributes":{"annotation":"","childAction":"","dn":"uni/vmmp-VMware/dom-DW_VN_VW_O_PRO_NPR_SRV_DC1_001/rsvlanNs","extMngdBy":"","forceResolve":"yes","lcOwn":"local","modTs":"2022-09-19T14:33:05.308+00:00","monPolDn":"uni/fabric/monfab-default","rType":"mo","state":"missing-target","stateQual":"none","status":"","tCl":"fvnsVlanInstP","tDn":"uni/infra/vlanns-[VLAN-VMWARE-CB-pro02]-dynamic","tType":"mo","uid":"15374","userdom":"all"}}},{"infraRsVlanNs":{"attributes":{"annotation":"","childAction":"","dn":"uni/vmmp-VMware/dom-DW_VN_VW_O_LNZO_PRO_VMO_DC4_001/rsvlanNs","extMngdBy":"","forceResolve":"yes","lcOwn":"local","modTs":"2022-09-19T14:33:05.242+00:00","monPolDn":"uni/fabric/monfab-default","rType":"mo","state":"missing-target","stateQual":"none","status":"","tCl":"fvnsVlanInstP","tDn":"uni/infra/vlanns-[VLAN-VMWARE-LNZO_PRO_VMO-pro01]-dynamic","tType":"mo","uid":"15374","userdom":"all"}}},{"infraRsVlanNs":{"attributes":{"annotation":"","childAction":"","dn":"uni/vmmp-VMware/dom-NSX-SWLAB/rsvlanNs","extMngdBy":"","forceResolve":"yes","lcOwn":"local","modTs":"2023-04-14T14:19:25.896+00:00","monPolDn":"uni/fabric/monfab-default","rType":"mo","state":"formed","stateQual":"none","status":"","tCl":"fvnsVlanInstP","tDn":"uni/infra/vlanns-[VLAN-NSX]-dynamic","tType":"mo","uid":"15374","userdom":":all:"}}}]}