{"totalCount":"8","imdata":[{"infraRsMcpIfPol":{"attributes":{"annotation":"","childAction":"","dn":"uni/infra/funcprof/accportgrp-ENDOR-ACCESS-PG/rsmcpIfPol","extMngdBy":"","forceResolve":"yes","lcOwn":"local","modTs":"2022-09-19T14:33:03.052+00:00","monPolDn":"uni/fabric/monfab-default","rType":"mo","state":"formed","stateQual":"default-target","status":"","tCl":"mcpIfPol","tContextDn":"","tDn":"uni/infra/mcpIfP-default","tRn":"mcpIfP-default","tType":"name","tnMcpIfPolName":"","uid":"0","userdom":"all"}}},{"infraRsMcpIfPol":{"attributes":{"annotation":"","childAction":"","dn":"uni/infra/funcprof/accportgrp-SW-OOB/rsmcpIfPol","extMngdBy":"","forceResolve":"yes","lcOwn":"local","modTs":"2022-09-19T14:33:03.052+00:00","monPolDn":"uni/fabric/monfab-default","rType":"mo","state":"formed","stateQual":"default-target","status":"","tCl":"mcpIfPol","tContextDn":"","tDn":"uni/infra/mcpIfP-default","tRn":"mcpIfP-default","tType":"name","tnMcpIfPolName":"","uid":"0","userdom":"all"}}},{"infraRsMcpIfPol":{"attributes":{"annotation":"","childAction":"","dn":"uni/infra/funcprof/accportgrp-GEONOSIS-ACCESS-PG/rsmcpIfPol","extMngdBy":"","forceResolve":"yes","lcOwn":"local","modTs":"2022-09-19T14:33:03.052+00:00","monPolDn":"uni/fabric/monfab-default","rType":"mo","state":"formed","stateQual":"default-target","status":"","tCl":"mcpIfPol","tContextDn":"","tDn":"uni/infra/mcpIfP-default","tRn":"mcpIfP-default","tType":"name","tnMcpIfPolName":"","uid":"0","userdom":"all"}}},{"infraRsMcpIfPol":{"attributes":{"annotation":"","childAction":"","dn":"uni/infra/funcprof/accportgrp-__ui_l225_eth1--29/rsmcpIfPol","extMngdBy":"","forceResolve":"yes","lcOwn":"local","modTs":"2022-09-19T14:33:03.052+00:00","monPolDn":"uni/fabric/monfab-default","rType":"mo","state":"formed","stateQual":"default-target","status":"","tCl":"mcpIfPol","tContextDn":"","tDn":"uni/infra/mcpIfP-default","tRn":"mcpIfP-default","tType":"name","tnMcpIfPolName":"","uid":"0","userdom":"all"}}},{"infraRsMcpIfPol":{"attributes":{"annotation":"","childAction":"","dn":"uni/infra/funcprof/accportgrp-INB_MGMT/rsmcpIfPol","extMngdBy":"","forceResolve":"yes","lcOwn":"local","modTs":"2022-09-19T14:33:03.052+00:00","monPolDn":"uni/fabric/monfab-default","rType":"mo","state":"formed","stateQual":"default-target","status":"","tCl":"mcpIfPol","tContextDn":"","tDn":"uni/infra/mcpIfP-default","tRn":"mcpIfP-default","tType":"name","tnMcpIfPolName":"","uid":"0","userdom":"all"}}},{"infraRsMcpIfPol":{"attributes":{"annotation":"","childAction":"","dn":"uni/infra/funcprof/accportgrp-ENDOR-1G-VMM/rsmcpIfPol","extMngdBy":"","forceResolve":"yes","lcOwn":"local","modTs":"2023-01-26T17:48:46.228+00:00","monPolDn":"uni/fabric/monfab-default","rType":"mo","state":"formed","stateQual":"default-target","status":"","tCl":"mcpIfPol","tContextDn":"","tDn":"uni/infra/mcpIfP-default","tRn":"mcpIfP-default","tType":"name","tnMcpIfPolName":"","uid":"0","userdom":"all"}}},{"infraRsMcpIfPol":{"attributes":{"annotation":"","childAction":"","dn":"uni/infra/funcprof/accportgrp-ESXi-ACCESS/rsmcpIfPol","extMngdBy":"","forceResolve":"yes","lcOwn":"local","modTs":"2023-02-23T10:27:20.787+00:00","monPolDn":"uni/fabric/monfab-default","rType":"mo","state":"formed","stateQual":"default-target","status":"","tCl":"mcpIfPol","tContextDn":"","tDn":"uni/infra/mcpIfP-default","tRn":"mcpIfP-default","tType":"name","tnMcpIfPolName":"","uid":"0","userdom":"all"}}},{"infraRsMcpIfPol":{"attributes":{"annotation":"","childAction":"","dn":"uni/infra/funcprof/accbundlepolgrp-__ui_l103_INTPOL-vPC-DMZ-INTERIM-EBANKING-CV/rsmcpIfPol","extMngdBy":"","forceResolve":"yes","lcOwn":"local","modTs":"2022-09-19T14:33:03.052+00:00","monPolDn":"uni/fabric/monfab-default","rType":"mo","state":"formed","stateQual":"default-target","status":"","tCl":"mcpIfPol","tContextDn":"","tDn":"uni/infra/mcpIfP-default","tRn":"mcpIfP-default","tType":"name","tnMcpIfPolName":"","uid":"0","userdom":"all"}}}]}