{"totalCount":"1","imdata":[{"infraSetPol":{"attributes":{"annotation":"","childAction":"","dampFactor":"1","descr":"","disableEpDampening":"no","dn":"uni/infra/settings","domainValidation":"yes","enableMoStreaming":"yes","enableRemoteLeafDirect":"yes","enforceSubnetCheck":"yes","extMngdBy":"","lcOwn":"local","leafOpflexpAuthenticateClients":"no","leafOpflexpUseSsl":"yes","modTs":"2023-07-24T10:03:31.661+00:00","name":"default","nameAlias":"","opflexpAuthenticateClients":"no","opflexpSslProtocols":"","opflexpUseSsl":"yes","ownerKey":"","ownerTag":"","policySyncNodeBringup":"yes","reallocateGipo":"no","restrictInfraVLANTraffic":"no","status":"","uid":"0","unicastXrEpLearnDisable":"no","userdom":"all","validateOverlappingVlans":"yes"}}}]}