{"totalCount":"2","imdata":[{"infraRsFuncToEpg":{"attributes":{"annotation":"","childAction":"","dn":"uni/infra/attentp-AAEP-INBAND-MGMT/provacc/rsfuncToEpg-[uni/tn-infra/ap-access/epg-default]","encap":"vlan-3967","extMngdBy":"","forceResolve":"yes","instrImedcy":"lazy","lcOwn":"local","modTs":"2022-09-19T14:33:04.147+00:00","mode":"regular","monPolDn":"uni/fabric/monfab-default","primaryEncap":"unknown","rType":"mo","state":"formed","stateQual":"none","status":"","tCl":"fvAEPg","tDn":"uni/tn-infra/ap-access/epg-default","tType":"mo","uid":"15374","userdom":"all"}}},{"infraRsFuncToEpg":{"attributes":{"annotation":"","childAction":"","dn":"uni/infra/attentp-default/provacc/rsfuncToEpg-[uni/tn-infra/ap-access/epg-default]","encap":"vlan-3967","extMngdBy":"","forceResolve":"yes","instrImedcy":"lazy","lcOwn":"local","modTs":"2022-09-19T12:46:20.213+00:00","mode":"regular","monPolDn":"uni/fabric/monfab-default","primaryEncap":"unknown","rType":"mo","state":"formed","stateQual":"none","status":"","tCl":"fvAEPg","tDn":"uni/tn-infra/ap-access/epg-default","tType":"mo","uid":"0","userdom":"all"}}}]}