{"totalCount":"11","imdata":[{"infraRsDomP":{"attributes":{"annotation":"","childAction":"","dn":"uni/infra/attentp-AAEP-INBAND-MGMT/rsdomP-[uni/phys-PHY-INBAND-MGMT]","extMngdBy":"","forceResolve":"yes","lcOwn":"local","modTs":"2022-09-19T14:33:11.490+00:00","monPolDn":"uni/fabric/monfab-default","rType":"mo","state":"formed","stateQual":"none","status":"","tCl":"physDomP","tDn":"uni/phys-PHY-INBAND-MGMT","tType":"mo","uid":"15374","userdom":"all"}}},{"infraRsDomP":{"attributes":{"annotation":"","childAction":"","dn":"uni/infra/attentp-AAEP-INBAND-MGMT/rsdomP-[uni/l3dom-L3_USER]","extMngdBy":"","forceResolve":"yes","lcOwn":"local","modTs":"2022-09-19T14:33:10.571+00:00","monPolDn":"uni/fabric/monfab-default","rType":"mo","state":"formed","stateQual":"none","status":"","tCl":"l3extDomP","tDn":"uni/l3dom-L3_USER","tType":"mo","uid":"15374","userdom":":all:"}}},{"infraRsDomP":{"attributes":{"annotation":"","childAction":"","dn":"uni/infra/attentp-AAEP-INBAND-MGMT/rsdomP-[uni/l3dom-L3_INB]","extMngdBy":"","forceResolve":"yes","lcOwn":"local","modTs":"2022-09-19T14:33:06.856+00:00","monPolDn":"uni/fabric/monfab-default","rType":"mo","state":"formed","stateQual":"none","status":"","tCl":"l3extDomP","tDn":"uni/l3dom-L3_INB","tType":"mo","uid":"15374","userdom":":all:"}}},{"infraRsDomP":{"attributes":{"annotation":"","childAction":"","dn":"uni/infra/attentp-AAEP_IPN/rsdomP-[uni/l3dom-L3_IPN]","extMngdBy":"","forceResolve":"yes","lcOwn":"local","modTs":"2022-09-19T14:33:11.946+00:00","monPolDn":"uni/fabric/monfab-default","rType":"mo","state":"formed","stateQual":"none","status":"","tCl":"l3extDomP","tDn":"uni/l3dom-L3_IPN","tType":"mo","uid":"15374","userdom":"all"}}},{"infraRsDomP":{"attributes":{"annotation":"","childAction":"","dn":"uni/infra/attentp-AAEP-GLOBAL/rsdomP-[uni/phys-PHY-USER]","extMngdBy":"","forceResolve":"yes","lcOwn":"local","modTs":"2022-09-19T14:33:06.794+00:00","monPolDn":"uni/fabric/monfab-default","rType":"mo","state":"formed","stateQual":"none","status":"","tCl":"physDomP","tDn":"uni/phys-PHY-USER","tType":"mo","uid":"15374","userdom":":all:"}}},{"infraRsDomP":{"attributes":{"annotation":"","childAction":"","dn":"uni/infra/attentp-AAEP-GLOBAL/rsdomP-[uni/phys-PHY-PTP]","extMngdBy":"","forceResolve":"yes","lcOwn":"local","modTs":"2022-09-19T14:33:04.800+00:00","monPolDn":"uni/fabric/monfab-default","rType":"mo","state":"formed","stateQual":"none","status":"","tCl":"physDomP","tDn":"uni/phys-PHY-PTP","tType":"mo","uid":"15374","userdom":":all:"}}},{"infraRsDomP":{"attributes":{"annotation":"","childAction":"","dn":"uni/infra/attentp-AAEP-GLOBAL/rsdomP-[uni/l3dom-L3_USER]","extMngdBy":"","forceResolve":"yes","lcOwn":"local","modTs":"2022-09-19T14:33:10.571+00:00","monPolDn":"uni/fabric/monfab-default","rType":"mo","state":"formed","stateQual":"none","status":"","tCl":"l3extDomP","tDn":"uni/l3dom-L3_USER","tType":"mo","uid":"15374","userdom":":all:"}}},{"infraRsDomP":{"attributes":{"annotation":"","childAction":"","dn":"uni/infra/attentp-AAEP-GLOBAL/rsdomP-[uni/vmmp-VMware/dom-SWLAB-BCN-VMM]","extMngdBy":"","forceResolve":"yes","lcOwn":"local","modTs":"2023-01-26T17:33:10.153+00:00","monPolDn":"uni/fabric/monfab-default","rType":"mo","state":"formed","stateQual":"none","status":"","tCl":"vmmDomP","tDn":"uni/vmmp-VMware/dom-SWLAB-BCN-VMM","tType":"mo","uid":"15374","userdom":":all:"}}},{"infraRsDomP":{"attributes":{"annotation":"","childAction":"","dn":"uni/infra/attentp-AAEP-GLOBAL/rsdomP-[uni/vmmp-VMware/dom-NSX-lab]","extMngdBy":"","forceResolve":"yes","lcOwn":"local","modTs":"2023-04-14T14:17:35.061+00:00","monPolDn":"uni/fabric/monfab-default","rType":"mo","state":"missing-target","stateQual":"none","status":"","tCl":"vmmDomP","tDn":"uni/vmmp-VMware/dom-NSX-lab","tType":"mo","uid":"15374","userdom":":all:"}}},{"infraRsDomP":{"attributes":{"annotation":"","childAction":"","dn":"uni/infra/attentp-AAEP_Customer_1/rsdomP-[uni/phys-PHY_Customer_1]","extMngdBy":"","forceResolve":"yes","lcOwn":"local","modTs":"2022-09-19T14:33:03.760+00:00","monPolDn":"uni/fabric/monfab-default","rType":"mo","state":"missing-target","stateQual":"none","status":"","tCl":"infraADomP","tDn":"uni/phys-PHY_Customer_1","tType":"mo","uid":"15374","userdom":":all:"}}},{"infraRsDomP":{"attributes":{"annotation":"","childAction":"","dn":"uni/infra/attentp-AAEP-GLOBAL/rsdomP-[uni/vmmp-VMware/dom-NSX-SWLAB]","extMngdBy":"","forceResolve":"yes","lcOwn":"local","modTs":"2023-04-14T14:19:25.834+00:00","monPolDn":"uni/fabric/monfab-default","rType":"mo","state":"formed","stateQual":"none","status":"","tCl":"vmmDomP","tDn":"uni/vmmp-VMware/dom-NSX-SWLAB","tType":"mo","uid":"15374","userdom":":all:"}}}]}