{"totalCount":"1","imdata":[{"infraWiNode":{"attributes":{"addr":"10.1.0.1","adminSt":"in-service","annotation":"","apicMode":"active","chassis":"b72bb640-3818-11ed-8c80-4f8360458eb3","childAction":"","cntrlSbstState":"approved","dn":"topology/pod-1/node-1/av/node-1","extMngdBy":"","failoverStatus":"idle","force":"no","health":"fully-fit","id":"1","lcOwn":"local","mbSn":"FCH2029V0BC","modTs":"2023-07-14T15:37:12.285+00:00","monPolDn":"uni/fabric/monfab-default","mutnTs":"2023-07-14T15:34:48.374+00:00","name":"","nameAlias":"","nodeName":"apic1","operSt":"available","podId":"1","routableIpAddr":"0.0.0.0","status":"","targetMbSn":"","uid":"0","userdom":"all"}}}]}