{"totalCount":"4","imdata":[{"infraRsAccPortP":{"attributes":{"annotation":"","childAction":"","dn":"uni/infra/nprof-LEAF1101/rsaccPortP-[uni/infra/accportprof-LEAF1101]","extMngdBy":"","forceResolve":"yes","lcOwn":"local","modTs":"2022-09-19T14:33:03.052+00:00","monPolDn":"uni/fabric/monfab-default","rType":"mo","state":"formed","stateQual":"none","status":"","tCl":"infraAccPortP","tDn":"uni/infra/accportprof-LEAF1101","tType":"mo","uid":"15374","userdom":":all:"}}},{"infraRsAccPortP":{"attributes":{"annotation":"","childAction":"","dn":"uni/infra/nprof-LEAF2101/rsaccPortP-[uni/infra/accportprof-LEAF2101]","extMngdBy":"","forceResolve":"yes","lcOwn":"local","modTs":"2022-09-19T14:33:03.052+00:00","monPolDn":"uni/fabric/monfab-default","rType":"mo","state":"formed","stateQual":"none","status":"","tCl":"infraAccPortP","tDn":"uni/infra/accportprof-LEAF2101","tType":"mo","uid":"15374","userdom":":all:"}}},{"infraRsAccPortP":{"attributes":{"annotation":"","childAction":"","dn":"uni/infra/nprof-LEAF2102/rsaccPortP-[uni/infra/accportprof-LEAF2102]","extMngdBy":"","forceResolve":"yes","lcOwn":"local","modTs":"2022-09-19T14:33:03.052+00:00","monPolDn":"uni/fabric/monfab-default","rType":"mo","state":"formed","stateQual":"none","status":"","tCl":"infraAccPortP","tDn":"uni/infra/accportprof-LEAF2102","tType":"mo","uid":"15374","userdom":":all:"}}},{"infraRsAccPortP":{"attributes":{"annotation":"","childAction":"","dn":"uni/infra/nprof-LEAF1102/rsaccPortP-[uni/infra/accportprof-LEAF1102]","extMngdBy":"","forceResolve":"yes","lcOwn":"local","modTs":"2022-09-19T14:33:03.052+00:00","monPolDn":"uni/fabric/monfab-default","rType":"mo","state":"formed","stateQual":"none","status":"","tCl":"infraAccPortP","tDn":"uni/infra/accportprof-LEAF1102","tType":"mo","uid":"15374","userdom":":all:"}}}]}