{"totalCount":"7","imdata":[{"infraAttEntityP":{"attributes":{"annotation":"","childAction":"","configIssues":"","creator":"USER","descr":"","dn":"uni/infra/attentp-AAEP-INBAND-MGMT","extMngdBy":"","lcOwn":"local","modTs":"2022-09-19T14:33:03.052+00:00","monPolDn":"uni/fabric/monfab-default","name":"AAEP-INBAND-MGMT","nameAlias":"","ownerKey":"","ownerTag":"","status":"","uid":"15374","userdom":"all"}}},{"infraAttEntityP":{"attributes":{"annotation":"","childAction":"","configIssues":"","creator":"USER","descr":"","dn":"uni/infra/attentp-AAEP_IPN","extMngdBy":"","lcOwn":"local","modTs":"2022-09-19T14:33:03.052+00:00","monPolDn":"uni/fabric/monfab-default","name":"AAEP_IPN","nameAlias":"","ownerKey":"","ownerTag":"","status":"","uid":"15374","userdom":"all"}}},{"infraAttEntityP":{"attributes":{"annotation":"","childAction":"","configIssues":"","creator":"USER","descr":"","dn":"uni/infra/attentp-AAEP-GLOBAL","extMngdBy":"","lcOwn":"local","modTs":"2022-09-19T14:33:03.052+00:00","monPolDn":"uni/fabric/monfab-default","name":"AAEP-GLOBAL","nameAlias":"","ownerKey":"","ownerTag":"","status":"","uid":"15374","userdom":":all:"}}},{"infraAttEntityP":{"attributes":{"annotation":"","childAction":"","configIssues":"","creator":"USER","descr":"","dn":"uni/infra/attentp-AAEP_CUSTOMER_1","extMngdBy":"","lcOwn":"local","modTs":"2022-09-19T14:33:03.052+00:00","monPolDn":"uni/fabric/monfab-default","name":"AAEP_CUSTOMER_1","nameAlias":"","ownerKey":"","ownerTag":"","status":"","uid":"15374","userdom":":all:common:Customer_1:Customer_1_Access:"}}},{"infraAttEntityP":{"attributes":{"annotation":"","childAction":"","configIssues":"","creator":"USER","descr":"","dn":"uni/infra/attentp-AAEP-NSX","extMngdBy":"","lcOwn":"local","modTs":"2023-04-01T23:09:01.146+00:00","monPolDn":"uni/fabric/monfab-default","name":"AAEP-NSX","nameAlias":"","ownerKey":"","ownerTag":"","status":"","uid":"15374","userdom":":all:"}}},{"infraAttEntityP":{"attributes":{"annotation":"","childAction":"","configIssues":"","creator":"USER","descr":"","dn":"uni/infra/attentp-AAEP_Customer_1","extMngdBy":"","lcOwn":"local","modTs":"2022-09-19T14:33:03.052+00:00","monPolDn":"uni/fabric/monfab-default","name":"AAEP_Customer_1","nameAlias":"","ownerKey":"","ownerTag":"","status":"","uid":"15374","userdom":":all:"}}},{"infraAttEntityP":{"attributes":{"annotation":"","childAction":"","configIssues":"","creator":"USER","descr":"","dn":"uni/infra/attentp-default","extMngdBy":"","lcOwn":"local","modTs":"2022-09-19T12:46:12.357+00:00","monPolDn":"uni/fabric/monfab-default","name":"default","nameAlias":"","ownerKey":"","ownerTag":"","status":"","uid":"0","userdom":"all"}}}]}