{"totalCount":"4","imdata":[{"l3extInstP":{"attributes":{"annotation":"","childAction":"","configIssues":"","configSt":"applied","descr":"","dn":"uni/tn-mgmt/out-L3OUT-SWLAB-INBAND/instP-ANY","exceptionTag":"","extMngdBy":"","floodOnEncap":"disabled","isSharedSrvMsiteEPg":"no","lcOwn":"local","matchT":"AtleastOne","mcast":"no","modTs":"2023-05-15T16:14:14.709+00:00","monPolDn":"","name":"ANY","nameAlias":"","pcEnfPref":"unenforced","pcTag":"16388","pcTagAllocSrc":"idmanager","prefGrMemb":"exclude","prio":"unspecified","scope":"2228224","status":"","targetDscp":"unspecified","triggerSt":"triggerable","txId":"14987979559889013491","uid":"15374","userdom":":all:"}}},{"l3extInstP":{"attributes":{"annotation":"","childAction":"","configIssues":"","configSt":"applied","descr":"","dn":"uni/tn-infra/out-MULTIPOD/instP-any","exceptionTag":"","extMngdBy":"","floodOnEncap":"disabled","isSharedSrvMsiteEPg":"no","lcOwn":"local","matchT":"AtleastOne","mcast":"no","modTs":"2022-09-19T14:33:02.672+00:00","monPolDn":"uni/tn-common/monepg-default","name":"any","nameAlias":"","pcEnfPref":"unenforced","pcTag":"49156","pcTagAllocSrc":"idmanager","prefGrMemb":"exclude","prio":"unspecified","scope":"16777199","status":"","targetDscp":"unspecified","triggerSt":"triggerable","txId":"5764607523034237812","uid":"15374","userdom":"all"}}},{"l3extInstP":{"attributes":{"annotation":"","childAction":"","configIssues":"","configSt":"applied","descr":"","dn":"uni/tn-TN-Production/out-L3O/instP-ANY","exceptionTag":"","extMngdBy":"","floodOnEncap":"disabled","isSharedSrvMsiteEPg":"no","lcOwn":"local","matchT":"AtleastOne","mcast":"no","modTs":"2022-09-19T14:33:13.758+00:00","monPolDn":"uni/tn-common/monepg-default","name":"ANY","nameAlias":"","pcEnfPref":"unenforced","pcTag":"16388","pcTagAllocSrc":"idmanager","prefGrMemb":"exclude","prio":"unspecified","scope":"2916352","status":"","targetDscp":"unspecified","triggerSt":"triggerable","txId":"5188146770730814122","uid":"15374","userdom":":all:"}}},{"l3extInstP":{"attributes":{"annotation":"","childAction":"","configIssues":"","configSt":"applied","descr":"","dn":"uni/tn-common/out-pcv_shared_l3out/instP-ANY","exceptionTag":"","extMngdBy":"","floodOnEncap":"disabled","isSharedSrvMsiteEPg":"no","lcOwn":"local","matchT":"AtleastOne","mcast":"no","modTs":"2023-06-14T02:40:50.085+00:00","monPolDn":"uni/tn-common/monepg-default","name":"ANY","nameAlias":"","pcEnfPref":"unenforced","pcTag":"32779","pcTagAllocSrc":"idmanager","prefGrMemb":"exclude","prio":"unspecified","scope":"2457600","status":"","targetDscp":"unspecified","triggerSt":"triggerable","txId":"1729382256914201533","uid":"15374","userdom":":all:"}}}]}