{"totalCount":"3","imdata":[{"l3extDomP":{"attributes":{"annotation":"","childAction":"","configIssues":"","dn":"uni/l3dom-L3_IPN","extMngdBy":"","lcOwn":"local","modTs":"2022-09-19T14:33:11.760+00:00","monPolDn":"uni/fabric/monfab-default","name":"L3_IPN","nameAlias":"","ownerKey":"","ownerTag":"","status":"","targetDscp":"unspecified","uid":"15374","userdom":"all"}}},{"l3extDomP":{"attributes":{"annotation":"","childAction":"","configIssues":"","dn":"uni/l3dom-L3_INB","extMngdBy":"","lcOwn":"local","modTs":"2022-09-19T14:33:06.770+00:00","monPolDn":"uni/fabric/monfab-default","name":"L3_INB","nameAlias":"","ownerKey":"","ownerTag":"","status":"","targetDscp":"unspecified","uid":"15374","userdom":":all:"}}},{"l3extDomP":{"attributes":{"annotation":"","childAction":"","configIssues":"","dn":"uni/l3dom-L3_USER","extMngdBy":"","lcOwn":"local","modTs":"2022-09-19T14:33:10.044+00:00","monPolDn":"uni/fabric/monfab-default","name":"L3_USER","nameAlias":"","ownerKey":"","ownerTag":"","status":"","targetDscp":"unspecified","uid":"15374","userdom":":all:"}}}]}