{"totalCount":"6","imdata":[{"l3extRsNodeL3OutAtt":{"attributes":{"annotation":"","childAction":"","configIssues":"","dn":"uni/tn-mgmt/out-L3OUT-SWLAB-INBAND/lnodep-L3OUT-SWLAB-INBAND_nodeProfile/rsnodeL3OutAtt-[topology/pod-1/node-1102]","extMngdBy":"","forceResolve":"yes","lcOwn":"local","modTs":"2023-05-15T16:13:02.408+00:00","monPolDn":"","rType":"mo","rtrId":"1.1.1.2","rtrIdLoopBack":"yes","state":"unformed","stateQual":"none","status":"","tCl":"fabricNode","tDn":"topology/pod-1/node-1102","tType":"mo","uid":"15374","userdom":":all:"}}},{"l3extRsNodeL3OutAtt":{"attributes":{"annotation":"","childAction":"","configIssues":"","dn":"uni/tn-infra/out-MULTIPOD/lnodep-NP/rsnodeL3OutAtt-[topology/pod-2/node-2201]","extMngdBy":"","forceResolve":"yes","lcOwn":"local","modTs":"2022-09-19T14:33:02.448+00:00","monPolDn":"uni/tn-common/monepg-default","rType":"mo","rtrId":"192.168.1.12","rtrIdLoopBack":"yes","state":"unformed","stateQual":"none","status":"","tCl":"fabricNode","tDn":"topology/pod-2/node-2201","tType":"mo","uid":"15374","userdom":"all"}}},{"l3extRsNodeL3OutAtt":{"attributes":{"annotation":"","childAction":"","configIssues":"","dn":"uni/tn-infra/out-MULTIPOD/lnodep-NP/rsnodeL3OutAtt-[topology/pod-1/node-1201]","extMngdBy":"","forceResolve":"yes","lcOwn":"local","modTs":"2022-09-19T14:33:02.448+00:00","monPolDn":"uni/tn-common/monepg-default","rType":"mo","rtrId":"192.168.1.11","rtrIdLoopBack":"yes","state":"unformed","stateQual":"none","status":"","tCl":"fabricNode","tDn":"topology/pod-1/node-1201","tType":"mo","uid":"15374","userdom":"all"}}},{"l3extRsNodeL3OutAtt":{"attributes":{"annotation":"","childAction":"","configIssues":"","dn":"uni/tn-mgmt/out-L3OUT-SWLAB-INBAND/lnodep-L3OUT-SWLAB-INBAND_nodeProfile/rsnodeL3OutAtt-[topology/pod-1/node-1101]","extMngdBy":"","forceResolve":"yes","lcOwn":"local","modTs":"2023-05-15T16:13:02.408+00:00","monPolDn":"","rType":"mo","rtrId":"1.1.1.1","rtrIdLoopBack":"no","state":"unformed","stateQual":"none","status":"","tCl":"fabricNode","tDn":"topology/pod-1/node-1101","tType":"mo","uid":"15374","userdom":":all:"}}},{"l3extRsNodeL3OutAtt":{"attributes":{"annotation":"","childAction":"","configIssues":"","dn":"uni/tn-TN-Production/out-L3O/lnodep-NP/rsnodeL3OutAtt-[topology/pod-1/node-1101]","extMngdBy":"","forceResolve":"yes","lcOwn":"local","modTs":"2022-09-19T14:33:13.758+00:00","monPolDn":"uni/tn-common/monepg-default","rType":"mo","rtrId":"1.1.1.1","rtrIdLoopBack":"yes","state":"unformed","stateQual":"none","status":"","tCl":"fabricNode","tDn":"topology/pod-1/node-1101","tType":"mo","uid":"15374","userdom":":all:"}}},{"l3extRsNodeL3OutAtt":{"attributes":{"annotation":"","childAction":"","configIssues":"","dn":"uni/tn-common/out-pcv_shared_l3out/lnodep-NP/rsnodeL3OutAtt-[topology/pod-1/node-1102]","extMngdBy":"","forceResolve":"yes","lcOwn":"local","modTs":"2023-06-09T21:19:45.650+00:00","monPolDn":"uni/tn-common/monepg-default","rType":"mo","rtrId":"12.12.12.12","rtrIdLoopBack":"no","state":"unformed","stateQual":"none","status":"","tCl":"fabricNode","tDn":"topology/pod-1/node-1102","tType":"mo","uid":"15374","userdom":":all:"}}}]}