{"totalCount":"5","imdata":[{"l3extRsPathL3OutAtt":{"attributes":{"addr":"192.168.1.5/30","annotation":"","autostate":"disabled","childAction":"","configIssues":"","descr":"","dn":"uni/tn-infra/out-MULTIPOD/lnodep-NP/lifp-IP/rspathL3OutAtt-[topology/pod-2/paths-2201/pathep-[eth1/5]]","encap":"vlan-4","encapScope":"local","extMngdBy":"","forceResolve":"yes","ifInstT":"sub-interface","ipv6Dad":"enabled","isMultiPodDirect":"no","lcOwn":"local","llAddr":"::","mac":"00:22:BD:F8:19:FF","modTs":"2022-09-19T14:33:02.448+00:00","mode":"regular","monPolDn":"uni/tn-common/monepg-default","mtu":"9216","rType":"mo","state":"unformed","stateQual":"none","status":"","tCl":"fabricPathEp","tDn":"topology/pod-2/paths-2201/pathep-[eth1/5]","tType":"mo","targetDscp":"unspecified","uid":"15374","userdom":"all"}}},{"l3extRsPathL3OutAtt":{"attributes":{"addr":"192.168.1.1/30","annotation":"","autostate":"disabled","childAction":"","configIssues":"","descr":"","dn":"uni/tn-infra/out-MULTIPOD/lnodep-NP/lifp-IP/rspathL3OutAtt-[topology/pod-1/paths-1201/pathep-[eth1/5]]","encap":"vlan-4","encapScope":"local","extMngdBy":"","forceResolve":"yes","ifInstT":"sub-interface","ipv6Dad":"enabled","isMultiPodDirect":"no","lcOwn":"local","llAddr":"::","mac":"00:22:BD:F8:19:FF","modTs":"2022-09-19T14:33:02.448+00:00","mode":"regular","monPolDn":"uni/tn-common/monepg-default","mtu":"9216","rType":"mo","state":"unformed","stateQual":"none","status":"","tCl":"fabricPathEp","tDn":"topology/pod-1/paths-1201/pathep-[eth1/5]","tType":"mo","targetDscp":"unspecified","uid":"15374","userdom":"all"}}},{"l3extRsPathL3OutAtt":{"attributes":{"addr":"172.16.254.2/24","annotation":"","autostate":"disabled","childAction":"","configIssues":"","descr":"","dn":"uni/tn-mgmt/out-L3OUT-SWLAB-INBAND/lnodep-L3OUT-SWLAB-INBAND_nodeProfile/lifp-L3OUT-SWLAB-INBAND_interfaceProfile/rspathL3OutAtt-[topology/pod-1/paths-1102/pathep-[eth1/25]]","encap":"vlan-11","encapScope":"local","extMngdBy":"","forceResolve":"yes","ifInstT":"ext-svi","ipv6Dad":"enabled","isMultiPodDirect":"no","lcOwn":"local","llAddr":"::","mac":"00:22:BD:F8:19:FF","modTs":"2023-05-15T16:13:02.408+00:00","mode":"regular","monPolDn":"","mtu":"9000","rType":"mo","state":"unformed","stateQual":"none","status":"","tCl":"fabricPathEp","tDn":"topology/pod-1/paths-1102/pathep-[eth1/25]","tType":"mo","targetDscp":"unspecified","uid":"15374","userdom":":all:"}}},{"l3extRsPathL3OutAtt":{"attributes":{"addr":"172.16.255.1/30","annotation":"","autostate":"disabled","childAction":"","configIssues":"","descr":"","dn":"uni/tn-TN-Production/out-L3O/lnodep-NP/lifp-LIP/rspathL3OutAtt-[topology/pod-1/paths-1101/pathep-[eth1/1]]","encap":"vlan-2300","encapScope":"local","extMngdBy":"","forceResolve":"yes","ifInstT":"ext-svi","ipv6Dad":"enabled","isMultiPodDirect":"no","lcOwn":"local","llAddr":"::","mac":"00:22:BD:F8:19:FF","modTs":"2023-01-29T18:29:13.911+00:00","mode":"regular","monPolDn":"uni/tn-common/monepg-default","mtu":"inherit","rType":"mo","state":"unformed","stateQual":"none","status":"","tCl":"fabricPathEp","tDn":"topology/pod-1/paths-1101/pathep-[eth1/1]","tType":"mo","targetDscp":"unspecified","uid":"15374","userdom":":all:"}}},{"l3extRsPathL3OutAtt":{"attributes":{"addr":"172.16.250.1/24","annotation":"","autostate":"disabled","childAction":"","configIssues":"","descr":"","dn":"uni/tn-common/out-pcv_shared_l3out/lnodep-NP/lifp-IP/rspathL3OutAtt-[topology/pod-1/paths-1102/pathep-[eth1/25]]","encap":"vlan-2000","encapScope":"local","extMngdBy":"","forceResolve":"yes","ifInstT":"ext-svi","ipv6Dad":"enabled","isMultiPodDirect":"no","lcOwn":"local","llAddr":"::","mac":"00:22:BD:F8:19:FF","modTs":"2023-06-09T21:24:52.452+00:00","mode":"regular","monPolDn":"uni/tn-common/monepg-default","mtu":"inherit","rType":"mo","state":"unformed","stateQual":"none","status":"","tCl":"fabricPathEp","tDn":"topology/pod-1/paths-1102/pathep-[eth1/25]","tType":"mo","targetDscp":"unspecified","uid":"15374","userdom":":all:"}}}]}