{"totalCount":"5","imdata":[{"l3extOut":{"attributes":{"annotation":"","childAction":"","descr":"","dn":"uni/tn-infra/out-MULTIPOD","enforceRtctrl":"export","extMngdBy":"","lcOwn":"local","modTs":"2022-09-19T14:33:02.448+00:00","monPolDn":"uni/tn-common/monepg-default","mplsEnabled":"no","name":"MULTIPOD","nameAlias":"","ownerKey":"","ownerTag":"","status":"","targetDscp":"unspecified","uid":"15374","userdom":"all"}}},{"l3extOut":{"attributes":{"annotation":"","childAction":"","descr":"","dn":"uni/tn-mgmt/out-L3OUT-SWLAB-INBAND","enforceRtctrl":"export","extMngdBy":"","lcOwn":"local","modTs":"2022-09-19T14:33:04.897+00:00","monPolDn":"","mplsEnabled":"no","name":"L3OUT-SWLAB-INBAND","nameAlias":"","ownerKey":"","ownerTag":"","status":"","targetDscp":"unspecified","uid":"15374","userdom":":all:"}}},{"l3extOut":{"attributes":{"annotation":"","childAction":"","descr":"","dn":"uni/tn-common/out-default","enforceRtctrl":"export","extMngdBy":"","lcOwn":"local","modTs":"2022-09-19T12:46:18.073+00:00","monPolDn":"","mplsEnabled":"no","name":"default","nameAlias":"","ownerKey":"","ownerTag":"","status":"","targetDscp":"unspecified","uid":"0","userdom":"all"}}},{"l3extOut":{"attributes":{"annotation":"","childAction":"","descr":"","dn":"uni/tn-TN-Production/out-L3O","enforceRtctrl":"export","extMngdBy":"","lcOwn":"local","modTs":"2022-09-19T14:33:13.758+00:00","monPolDn":"uni/tn-common/monepg-default","mplsEnabled":"no","name":"L3O","nameAlias":"","ownerKey":"","ownerTag":"","status":"","targetDscp":"unspecified","uid":"15374","userdom":":all:"}}},{"l3extOut":{"attributes":{"annotation":"","childAction":"","descr":"","dn":"uni/tn-common/out-pcv_shared_l3out","enforceRtctrl":"export","extMngdBy":"","lcOwn":"local","modTs":"2023-06-09T11:29:14.670+00:00","monPolDn":"uni/tn-common/monepg-default","mplsEnabled":"no","name":"pcv_shared_l3out","nameAlias":"","ownerKey":"","ownerTag":"","status":"","targetDscp":"unspecified","uid":"15374","userdom":":all:"}}}]}