{"totalCount":"4","imdata":[{"l3extLNodeP":{"attributes":{"annotation":"","childAction":"","configIssues":"","descr":"","dn":"uni/tn-mgmt/out-L3OUT-SWLAB-INBAND/lnodep-L3OUT-SWLAB-INBAND_nodeProfile","extMngdBy":"","lcOwn":"local","modTs":"2023-05-15T16:13:02.408+00:00","monPolDn":"","name":"L3OUT-SWLAB-INBAND_nodeProfile","nameAlias":"","ownerKey":"","ownerTag":"","status":"","tag":"yellow-green","targetDscp":"unspecified","uid":"15374","userdom":":all:"}}},{"l3extLNodeP":{"attributes":{"annotation":"","childAction":"","configIssues":"","descr":"","dn":"uni/tn-infra/out-MULTIPOD/lnodep-NP","extMngdBy":"","lcOwn":"local","modTs":"2022-09-19T14:33:02.448+00:00","monPolDn":"uni/tn-common/monepg-default","name":"NP","nameAlias":"","ownerKey":"","ownerTag":"","status":"","tag":"yellow-green","targetDscp":"unspecified","uid":"15374","userdom":"all"}}},{"l3extLNodeP":{"attributes":{"annotation":"","childAction":"","configIssues":"","descr":"","dn":"uni/tn-TN-Production/out-L3O/lnodep-NP","extMngdBy":"","lcOwn":"local","modTs":"2022-09-19T14:33:13.758+00:00","monPolDn":"uni/tn-common/monepg-default","name":"NP","nameAlias":"","ownerKey":"","ownerTag":"","status":"","tag":"yellow-green","targetDscp":"unspecified","uid":"15374","userdom":":all:"}}},{"l3extLNodeP":{"attributes":{"annotation":"","childAction":"","configIssues":"","descr":"","dn":"uni/tn-common/out-pcv_shared_l3out/lnodep-NP","extMngdBy":"","lcOwn":"local","modTs":"2023-06-09T21:24:35.357+00:00","monPolDn":"uni/tn-common/monepg-default","name":"NP","nameAlias":"","ownerKey":"","ownerTag":"","status":"","tag":"yellow-green","targetDscp":"unspecified","uid":"15374","userdom":":all:"}}}]}