{"totalCount":"2","imdata":[{"maintRsMgrpp":{"attributes":{"annotation":"","childAction":"","dn":"uni/fabric/maintgrp-POD2/rsmgrpp","extMngdBy":"","forceResolve":"yes","lcOwn":"local","modTs":"2023-04-14T09:08:15.144+00:00","monPolDn":"uni/fabric/monfab-default","rType":"mo","state":"formed","stateQual":"none","status":"","tCl":"maintMaintP","tContextDn":"","tDn":"uni/fabric/maintpol-POD2","tRn":"maintpol-POD2","tType":"name","tnMaintMaintPName":"POD2","uid":"0","userdom":"all"}}},{"maintRsMgrpp":{"attributes":{"annotation":"","childAction":"","dn":"uni/fabric/maintgrp-POD1/rsmgrpp","extMngdBy":"","forceResolve":"yes","lcOwn":"local","modTs":"2023-04-14T09:23:04.783+00:00","monPolDn":"uni/fabric/monfab-default","rType":"mo","state":"formed","stateQual":"none","status":"","tCl":"maintMaintP","tContextDn":"","tDn":"uni/fabric/maintpol-POD1","tRn":"maintpol-POD1","tType":"name","tnMaintMaintPName":"POD1","uid":"0","userdom":"all"}}}]}