{"totalCount":"2","imdata":[{"maintMaintGrp":{"attributes":{"annotation":"","childAction":"","descr":"","dn":"uni/fabric/maintgrp-POD2","extMngdBy":"","fwtype":"switch","lcOwn":"local","modTs":"2023-04-14T09:08:15.144+00:00","monPolDn":"uni/fabric/monfab-default","name":"POD2","nameAlias":"","ownerKey":"","ownerTag":"","status":"","type":"range","uid":"15374","userdom":":all:"}}},{"maintMaintGrp":{"attributes":{"annotation":"","childAction":"","descr":"","dn":"uni/fabric/maintgrp-POD1","extMngdBy":"","fwtype":"switch","lcOwn":"local","modTs":"2023-04-14T09:23:04.783+00:00","monPolDn":"uni/fabric/monfab-default","name":"POD1","nameAlias":"","ownerKey":"","ownerTag":"","status":"","type":"range","uid":"15374","userdom":":all:"}}}]}