{"totalCount":"2","imdata":[{"maintMaintP":{"attributes":{"adminSt":"untriggered","annotation":"","childAction":"","descr":"","dn":"uni/fabric/maintpol-POD2","dnldSeqNum":"1","downloadSt":"untriggered","extMngdBy":"","graceful":"no","ignoreCompat":"no","internalLabel":"","internalSource":"no","isModifyByUpgrade":"no","lcOwn":"local","modTs":"2023-04-14T09:08:15.144+00:00","monPolDn":"uni/fabric/monfab-default","name":"POD2","nameAlias":"","notifCond":"notifyOnlyOnFailures","runMode":"pauseNever","seqNum":"0","smuOperation":"smuInstall","smuOperationFlags":"smuReloadImmediate","srUpgrade":"no","srVersion":"","status":"","triggerTime":"1970-01-01T00:00:00.000+00:00","uid":"15374","userdom":":all:","version":"n9000-16.0(2h)","versionCheckOverride":"untriggered"}}},{"maintMaintP":{"attributes":{"adminSt":"untriggered","annotation":"","childAction":"","descr":"","dn":"uni/fabric/maintpol-POD1","dnldSeqNum":"1","downloadSt":"untriggered","extMngdBy":"","graceful":"no","ignoreCompat":"no","internalLabel":"","internalSource":"no","isModifyByUpgrade":"no","lcOwn":"local","modTs":"2023-04-14T09:23:04.783+00:00","monPolDn":"uni/fabric/monfab-default","name":"POD1","nameAlias":"","notifCond":"notifyOnlyOnFailures","runMode":"pauseNever","seqNum":"0","smuOperation":"smuInstall","smuOperationFlags":"smuReloadImmediate","srUpgrade":"no","srVersion":"","status":"","triggerTime":"1970-01-01T00:00:00.000+00:00","uid":"15374","userdom":":all:","version":"n9000-16.0(2h)","versionCheckOverride":"untriggered"}}}]}