{"totalCount":"3","imdata":[{"mcpIfPol":{"attributes":{"adminSt":"enabled","annotation":"","childAction":"","descr":"","dn":"uni/infra/mcpIfP-default","extMngdBy":"","gracePeriod":"3","gracePeriodMsec":"0","lcOwn":"local","maxPduPerVlanLimit":"256","mcpMode":"off","mcpPduPerVlan":"on","modTs":"2022-09-19T12:46:12.357+00:00","name":"default","nameAlias":"","ownerKey":"","ownerTag":"","status":"","strictInitDelayTime":"0","strictTxFreq":"0","strictTxFreqMsec":"500","uid":"0","userdom":"all"}}},{"mcpIfPol":{"attributes":{"adminSt":"enabled","annotation":"","childAction":"","descr":"","dn":"uni/infra/mcpIfP-MCP_ENABLED","extMngdBy":"","gracePeriod":"3","gracePeriodMsec":"0","lcOwn":"local","maxPduPerVlanLimit":"256","mcpMode":"off","mcpPduPerVlan":"on","modTs":"2022-09-19T14:33:03.052+00:00","name":"MCP_ENABLED","nameAlias":"","ownerKey":"","ownerTag":"","status":"","strictInitDelayTime":"0","strictTxFreq":"0","strictTxFreqMsec":"500","uid":"15374","userdom":"all"}}},{"mcpIfPol":{"attributes":{"adminSt":"disabled","annotation":"","childAction":"","descr":"","dn":"uni/infra/mcpIfP-MCP_DISABLED","extMngdBy":"","gracePeriod":"3","gracePeriodMsec":"0","lcOwn":"local","maxPduPerVlanLimit":"256","mcpMode":"off","mcpPduPerVlan":"on","modTs":"2022-09-19T14:33:03.052+00:00","name":"MCP_DISABLED","nameAlias":"","ownerKey":"","ownerTag":"","status":"","strictInitDelayTime":"0","strictTxFreq":"0","strictTxFreqMsec":"500","uid":"15374","userdom":"all"}}}]}