{"totalCount":"4","imdata":[{"physDomP":{"attributes":{"annotation":"","childAction":"","configIssues":"","dn":"uni/phys-phys","extMngdBy":"","lcOwn":"local","modTs":"2022-09-19T12:46:11.418+00:00","monPolDn":"uni/fabric/monfab-default","name":"phys","nameAlias":"","ownerKey":"","ownerTag":"","status":"","uid":"0","userdom":"all"}}},{"physDomP":{"attributes":{"annotation":"","childAction":"","configIssues":"","dn":"uni/phys-PHY-INBAND-MGMT","extMngdBy":"","lcOwn":"local","modTs":"2022-09-19T14:33:11.188+00:00","monPolDn":"uni/fabric/monfab-default","name":"PHY-INBAND-MGMT","nameAlias":"","ownerKey":"","ownerTag":"","status":"","uid":"15374","userdom":"all"}}},{"physDomP":{"attributes":{"annotation":"","childAction":"","configIssues":"","dn":"uni/phys-PHY-PTP","extMngdBy":"","lcOwn":"local","modTs":"2022-09-19T14:33:04.602+00:00","monPolDn":"uni/fabric/monfab-default","name":"PHY-PTP","nameAlias":"","ownerKey":"","ownerTag":"","status":"","uid":"15374","userdom":":all:"}}},{"physDomP":{"attributes":{"annotation":"","childAction":"","configIssues":"","dn":"uni/phys-PHY-USER","extMngdBy":"","lcOwn":"local","modTs":"2022-09-19T14:33:06.770+00:00","monPolDn":"uni/fabric/monfab-default","name":"PHY-USER","nameAlias":"","ownerKey":"","ownerTag":"","status":"","uid":"15374","userdom":":all:"}}}]}