{"totalCount":"18","imdata":[{"vmmDomP":{"attributes":{"accessMode":"read-write","annotation":"","arpLearning":"","aveTimeOut":"30","childAction":"","configInfraPg":"no","configIssues":"","ctrlKnob":"epDpVerify","delimiter":"","dn":"uni/vmmp-VMware/dom-DW_VN_VW_O_PRO_SRV_DC3_001","enableAVE":"no","enableTag":"no","enableVmFolder":"no","encapMode":"unknown","enfPref":"hw","epInventoryType":"on-link","epRetTime":"0","extMngdBy":"","hvAvailMonitor":"no","lagPolicyName":"","lcOwn":"local","mcastAddr":"0.0.0.0","modTs":"2022-09-19T14:33:13.079+00:00","mode":"default","monPolDn":"uni/fabric/monfab-default","name":"DW_VN_VW_O_PRO_SRV_DC3_001","nameAlias":"","ownerKey":"","ownerTag":"","prefEncapMode":"unspecified","status":"","txId":"5188146770730814122","uid":"15374","uniqueId":"1564","userdom":"all"}}},{"vmmDomP":{"attributes":{"accessMode":"read-write","annotation":"","arpLearning":"","aveTimeOut":"30","childAction":"","configInfraPg":"no","configIssues":"","ctrlKnob":"epDpVerify","delimiter":"","dn":"uni/vmmp-VMware/dom-SWLAB-BCN-VMM","enableAVE":"no","enableTag":"no","enableVmFolder":"no","encapMode":"unknown","enfPref":"hw","epInventoryType":"on-link","epRetTime":"0","extMngdBy":"","hvAvailMonitor":"no","lagPolicyName":"","lcOwn":"local","mcastAddr":"0.0.0.0","modTs":"2023-01-26T17:33:09.940+00:00","mode":"default","monPolDn":"uni/fabric/monfab-default","name":"SWLAB-BCN-VMM","nameAlias":"","ownerKey":"","ownerTag":"","prefEncapMode":"unspecified","status":"","txId":"8646911284551600187","uid":"15374","uniqueId":"7471","userdom":":all:"}}},{"vmmDomP":{"attributes":{"accessMode":"read-write","annotation":"","arpLearning":"","aveTimeOut":"30","childAction":"","configInfraPg":"no","configIssues":"","ctrlKnob":"epDpVerify","delimiter":"","dn":"uni/vmmp-VMware/dom-DW_VN_VW_O_LNZO_PRO_NFS_DC4_001","enableAVE":"no","enableTag":"no","enableVmFolder":"no","encapMode":"unknown","enfPref":"hw","epInventoryType":"on-link","epRetTime":"0","extMngdBy":"","hvAvailMonitor":"no","lagPolicyName":"","lcOwn":"local","mcastAddr":"0.0.0.0","modTs":"2022-09-19T14:33:13.079+00:00","mode":"default","monPolDn":"uni/fabric/monfab-default","name":"DW_VN_VW_O_LNZO_PRO_NFS_DC4_001","nameAlias":"","ownerKey":"","ownerTag":"","prefEncapMode":"unspecified","status":"","txId":"5188146770730814122","uid":"15374","uniqueId":"2128","userdom":"all"}}},{"vmmDomP":{"attributes":{"accessMode":"read-write","annotation":"","arpLearning":"","aveTimeOut":"30","childAction":"","configInfraPg":"no","configIssues":"","ctrlKnob":"epDpVerify","delimiter":"","dn":"uni/vmmp-VMware/dom-DW_VN_VW_O_LNZO_PRO_M_B_DC4_001","enableAVE":"no","enableTag":"no","enableVmFolder":"no","encapMode":"unknown","enfPref":"hw","epInventoryType":"on-link","epRetTime":"0","extMngdBy":"","hvAvailMonitor":"no","lagPolicyName":"","lcOwn":"local","mcastAddr":"0.0.0.0","modTs":"2022-09-19T14:33:11.118+00:00","mode":"default","monPolDn":"uni/fabric/monfab-default","name":"DW_VN_VW_O_LNZO_PRO_M_B_DC4_001","nameAlias":"","ownerKey":"","ownerTag":"","prefEncapMode":"unspecified","status":"","txId":"9799832789158202310","uid":"15374","uniqueId":"8877","userdom":"all"}}},{"vmmDomP":{"attributes":{"accessMode":"read-write","annotation":"","arpLearning":"","aveTimeOut":"30","childAction":"","configInfraPg":"no","configIssues":"","ctrlKnob":"epDpVerify","delimiter":"","dn":"uni/vmmp-VMware/dom-DW_VN_VW_O_LNZO_PRO_SRV_DC4_001","enableAVE":"no","enableTag":"no","enableVmFolder":"no","encapMode":"unknown","enfPref":"hw","epInventoryType":"on-link","epRetTime":"0","extMngdBy":"","hvAvailMonitor":"no","lagPolicyName":"","lcOwn":"local","mcastAddr":"0.0.0.0","modTs":"2022-09-19T14:32:56.299+00:00","mode":"default","monPolDn":"uni/fabric/monfab-default","name":"DW_VN_VW_O_LNZO_PRO_SRV_DC4_001","nameAlias":"","ownerKey":"","ownerTag":"","prefEncapMode":"unspecified","status":"","txId":"2882303761517120101","uid":"15374","uniqueId":"9438","userdom":"all"}}},{"vmmDomP":{"attributes":{"accessMode":"read-write","annotation":"","arpLearning":"","aveTimeOut":"30","childAction":"","configInfraPg":"no","configIssues":"","ctrlKnob":"epDpVerify","delimiter":"","dn":"uni/vmmp-VMware/dom-DW_VN_VW_O_LNZO_PRO_VMO_DC4_001","enableAVE":"no","enableTag":"no","enableVmFolder":"no","encapMode":"unknown","enfPref":"hw","epInventoryType":"on-link","epRetTime":"0","extMngdBy":"","hvAvailMonitor":"no","lagPolicyName":"","lcOwn":"local","mcastAddr":"0.0.0.0","modTs":"2022-09-19T14:33:04.837+00:00","mode":"default","monPolDn":"uni/fabric/monfab-default","name":"DW_VN_VW_O_LNZO_PRO_VMO_DC4_001","nameAlias":"","ownerKey":"","ownerTag":"","prefEncapMode":"unspecified","status":"","txId":"13835058055282166377","uid":"15374","uniqueId":"3256","userdom":"all"}}},{"vmmDomP":{"attributes":{"accessMode":"read-write","annotation":"","arpLearning":"","aveTimeOut":"30","childAction":"","configInfraPg":"no","configIssues":"","ctrlKnob":"epDpVerify","delimiter":"","dn":"uni/vmmp-VMware/dom-DW_VN_VW_O_PRO_NPR_SRV_DC3_001","enableAVE":"no","enableTag":"no","enableVmFolder":"no","encapMode":"unknown","enfPref":"hw","epInventoryType":"on-link","epRetTime":"0","extMngdBy":"","hvAvailMonitor":"no","lagPolicyName":"","lcOwn":"local","mcastAddr":"0.0.0.0","modTs":"2022-09-19T14:33:10.837+00:00","mode":"default","monPolDn":"uni/fabric/monfab-default","name":"DW_VN_VW_O_PRO_NPR_SRV_DC3_001","nameAlias":"","ownerKey":"","ownerTag":"","prefEncapMode":"unspecified","status":"","txId":"14411518807585589917","uid":"15374","uniqueId":"4100","userdom":"all"}}},{"vmmDomP":{"attributes":{"accessMode":"read-write","annotation":"","arpLearning":"","aveTimeOut":"30","childAction":"","configInfraPg":"no","configIssues":"","ctrlKnob":"epDpVerify","delimiter":"","dn":"uni/vmmp-VMware/dom-DW_VN_VW_O_LNZO_NPR_SRV_DC4_001","enableAVE":"no","enableTag":"no","enableVmFolder":"no","encapMode":"unknown","enfPref":"hw","epInventoryType":"on-link","epRetTime":"0","extMngdBy":"","hvAvailMonitor":"no","lagPolicyName":"","lcOwn":"local","mcastAddr":"0.0.0.0","modTs":"2022-09-19T14:32:55.770+00:00","mode":"default","monPolDn":"uni/fabric/monfab-default","name":"DW_VN_VW_O_LNZO_NPR_SRV_DC4_001","nameAlias":"","ownerKey":"","ownerTag":"","prefEncapMode":"unspecified","status":"","txId":"1152921504606849693","uid":"15374","uniqueId":"5223","userdom":"all"}}},{"vmmDomP":{"attributes":{"accessMode":"read-write","annotation":"","arpLearning":"","aveTimeOut":"30","childAction":"","configInfraPg":"no","configIssues":"","ctrlKnob":"epDpVerify","delimiter":"","dn":"uni/vmmp-VMware/dom-DW_VN_VW_O_PRO_SRV_DC1_001","enableAVE":"no","enableTag":"no","enableVmFolder":"no","encapMode":"unknown","enfPref":"hw","epInventoryType":"on-link","epRetTime":"0","extMngdBy":"","hvAvailMonitor":"no","lagPolicyName":"","lcOwn":"local","mcastAddr":"0.0.0.0","modTs":"2022-09-19T14:32:56.399+00:00","mode":"default","monPolDn":"uni/fabric/monfab-default","name":"DW_VN_VW_O_PRO_SRV_DC1_001","nameAlias":"","ownerKey":"","ownerTag":"","prefEncapMode":"unspecified","status":"","txId":"3458764513820543592","uid":"15374","uniqueId":"5224","userdom":"all"}}},{"vmmDomP":{"attributes":{"accessMode":"read-write","annotation":"","arpLearning":"","aveTimeOut":"30","childAction":"","configInfraPg":"no","configIssues":"","ctrlKnob":"epDpVerify","delimiter":"","dn":"uni/vmmp-VMware/dom-DW_VN_VW_O_PRO_SRV_DC4_001","enableAVE":"no","enableTag":"no","enableVmFolder":"no","encapMode":"unknown","enfPref":"hw","epInventoryType":"on-link","epRetTime":"0","extMngdBy":"","hvAvailMonitor":"no","lagPolicyName":"","lcOwn":"local","mcastAddr":"0.0.0.0","modTs":"2022-09-19T14:33:04.323+00:00","mode":"default","monPolDn":"uni/fabric/monfab-default","name":"DW_VN_VW_O_PRO_SRV_DC4_001","nameAlias":"","ownerKey":"","ownerTag":"","prefEncapMode":"unspecified","status":"","txId":"6341068275337661060","uid":"15374","uniqueId":"1846","userdom":"all"}}},{"vmmDomP":{"attributes":{"accessMode":"read-write","annotation":"","arpLearning":"","aveTimeOut":"30","childAction":"","configInfraPg":"no","configIssues":"","ctrlKnob":"epDpVerify","delimiter":"","dn":"uni/vmmp-VMware/dom-DW_VN_VW_O_NPR_SRV_DC3_001","enableAVE":"no","enableTag":"no","enableVmFolder":"no","encapMode":"unknown","enfPref":"hw","epInventoryType":"on-link","epRetTime":"0","extMngdBy":"","hvAvailMonitor":"no","lagPolicyName":"","lcOwn":"local","mcastAddr":"0.0.0.0","modTs":"2022-09-19T14:33:11.651+00:00","mode":"default","monPolDn":"uni/fabric/monfab-default","name":"DW_VN_VW_O_NPR_SRV_DC3_001","nameAlias":"","ownerKey":"","ownerTag":"","prefEncapMode":"unspecified","status":"","txId":"4611686018427390582","uid":"15374","uniqueId":"1282","userdom":"all"}}},{"vmmDomP":{"attributes":{"accessMode":"read-write","annotation":"","arpLearning":"","aveTimeOut":"30","childAction":"","configInfraPg":"no","configIssues":"","ctrlKnob":"epDpVerify","delimiter":"","dn":"uni/vmmp-Redhat/dom-RHEV-cdvu-pro01","enableAVE":"no","enableTag":"no","enableVmFolder":"no","encapMode":"unknown","enfPref":"hw","epInventoryType":"on-link","epRetTime":"0","extMngdBy":"","hvAvailMonitor":"no","lagPolicyName":"","lcOwn":"local","mcastAddr":"0.0.0.0","modTs":"2022-09-19T14:32:55.633+00:00","mode":"rhev","monPolDn":"uni/fabric/monfab-default","name":"RHEV-cdvu-pro01","nameAlias":"","ownerKey":"","ownerTag":"","prefEncapMode":"unspecified","status":"","txId":"576460752303426155","uid":"15374","uniqueId":"8876","userdom":"all"}}},{"vmmDomP":{"attributes":{"accessMode":"read-write","annotation":"","arpLearning":"","aveTimeOut":"30","childAction":"","configInfraPg":"no","configIssues":"","ctrlKnob":"epDpVerify","delimiter":"","dn":"uni/vmmp-Redhat/dom-RHEV-sfb-pro01","enableAVE":"no","enableTag":"no","enableVmFolder":"no","encapMode":"unknown","enfPref":"hw","epInventoryType":"on-link","epRetTime":"0","extMngdBy":"","hvAvailMonitor":"no","lagPolicyName":"","lcOwn":"local","mcastAddr":"0.0.0.0","modTs":"2022-09-19T14:33:04.215+00:00","mode":"rhev","monPolDn":"uni/fabric/monfab-default","name":"RHEV-sfb-pro01","nameAlias":"","ownerKey":"","ownerTag":"","prefEncapMode":"unspecified","status":"","txId":"12105675798371895904","uid":"15374","uniqueId":"6628","userdom":"all"}}},{"vmmDomP":{"attributes":{"accessMode":"read-write","annotation":"","arpLearning":"","aveTimeOut":"30","childAction":"","configInfraPg":"no","configIssues":"","ctrlKnob":"epDpVerify","delimiter":"","dn":"uni/vmmp-Redhat/dom-RHEV-cdv-pro01","enableAVE":"no","enableTag":"no","enableVmFolder":"no","encapMode":"unknown","enfPref":"hw","epInventoryType":"on-link","epRetTime":"0","extMngdBy":"","hvAvailMonitor":"no","lagPolicyName":"","lcOwn":"local","mcastAddr":"0.0.0.0","modTs":"2022-09-19T14:33:04.425+00:00","mode":"rhev","monPolDn":"uni/fabric/monfab-default","name":"RHEV-cdv-pro01","nameAlias":"","ownerKey":"","ownerTag":"","prefEncapMode":"unspecified","status":"","txId":"12682136550675319400","uid":"15374","uniqueId":"6347","userdom":"all"}}},{"vmmDomP":{"attributes":{"accessMode":"read-write","annotation":"","arpLearning":"","aveTimeOut":"30","childAction":"","configInfraPg":"no","configIssues":"","ctrlKnob":"epDpVerify","delimiter":"","dn":"uni/vmmp-VMware/dom-DW_VN_VW_O_PRO_NPR_SRV_DC1_001","enableAVE":"no","enableTag":"no","enableVmFolder":"no","encapMode":"unknown","enfPref":"hw","epInventoryType":"on-link","epRetTime":"0","extMngdBy":"","hvAvailMonitor":"no","lagPolicyName":"","lcOwn":"local","mcastAddr":"0.0.0.0","modTs":"2022-09-19T14:33:05.064+00:00","mode":"default","monPolDn":"uni/fabric/monfab-default","name":"DW_VN_VW_O_PRO_NPR_SRV_DC1_001","nameAlias":"","ownerKey":"","ownerTag":"","prefEncapMode":"unspecified","status":"","txId":"13258597302978742936","uid":"15374","uniqueId":"9439","userdom":"all"}}},{"vmmDomP":{"attributes":{"accessMode":"read-write","annotation":"","arpLearning":"","aveTimeOut":"30","childAction":"","configInfraPg":"no","configIssues":"","ctrlKnob":"epDpVerify","delimiter":"","dn":"uni/vmmp-VMware/dom-DW_VN_VW_O_PRO_NPR_SRV_DC4_001","enableAVE":"no","enableTag":"no","enableVmFolder":"no","encapMode":"unknown","enfPref":"hw","epInventoryType":"on-link","epRetTime":"0","extMngdBy":"","hvAvailMonitor":"no","lagPolicyName":"","lcOwn":"local","mcastAddr":"0.0.0.0","modTs":"2022-09-19T14:33:05.554+00:00","mode":"default","monPolDn":"uni/fabric/monfab-default","name":"DW_VN_VW_O_PRO_NPR_SRV_DC4_001","nameAlias":"","ownerKey":"","ownerTag":"","prefEncapMode":"unspecified","status":"","txId":"14987979559889013491","uid":"15374","uniqueId":"4380","userdom":"all"}}},{"vmmDomP":{"attributes":{"accessMode":"read-write","annotation":"","arpLearning":"","aveTimeOut":"30","childAction":"","configInfraPg":"no","configIssues":"","ctrlKnob":"epDpVerify","delimiter":"","dn":"uni/vmmp-Redhat/dom-RHEV-str-pro01","enableAVE":"no","enableTag":"no","enableVmFolder":"no","encapMode":"unknown","enfPref":"hw","epInventoryType":"on-link","epRetTime":"0","extMngdBy":"","hvAvailMonitor":"no","lagPolicyName":"","lcOwn":"local","mcastAddr":"0.0.0.0","modTs":"2022-09-19T14:33:10.582+00:00","mode":"rhev","monPolDn":"uni/fabric/monfab-default","name":"RHEV-str-pro01","nameAlias":"","ownerKey":"","ownerTag":"","prefEncapMode":"unspecified","status":"","txId":"15564440312192437113","uid":"15374","uniqueId":"9157","userdom":"all"}}},{"vmmDomP":{"attributes":{"accessMode":"read-write","annotation":"","arpLearning":"","aveTimeOut":"30","childAction":"","configInfraPg":"no","configIssues":"","ctrlKnob":"epDpVerify","delimiter":"","dn":"uni/vmmp-VMware/dom-NSX-SWLAB","enableAVE":"no","enableTag":"no","enableVmFolder":"no","encapMode":"vlan","enfPref":"hw","epInventoryType":"on-link","epRetTime":"0","extMngdBy":"","hvAvailMonitor":"no","lagPolicyName":"","lcOwn":"local","mcastAddr":"0.0.0.0","modTs":"2023-04-14T14:19:25.852+00:00","mode":"nsx","monPolDn":"uni/fabric/monfab-default","name":"NSX-SWLAB","nameAlias":"","ownerKey":"","ownerTag":"","prefEncapMode":"unspecified","status":"","txId":"4035225266126526913","uid":"15374","uniqueId":"1002","userdom":":all:"}}}]}