{"totalCount":"6","imdata":[{"vzBrCP":{"attributes":{"accessPrivilege":"USER","annotation":"","childAction":"","configIssues":"","descr":"","dn":"uni/tn-mgmt/brc-INBAND","extMngdBy":"","intent":"install","lcOwn":"local","modTs":"2022-09-19T14:33:05.667+00:00","monPolDn":"uni/tn-common/monepg-default","name":"INBAND","nameAlias":"","ownerKey":"","ownerTag":"","prio":"unspecified","reevaluateAll":"no","scope":"global","status":"","targetDscp":"unspecified","uid":"15374","userdom":":all:"}}},{"vzBrCP":{"attributes":{"accessPrivilege":"USER","annotation":"","childAction":"","configIssues":"","descr":"","dn":"uni/tn-common/brc-default","extMngdBy":"","intent":"install","lcOwn":"local","modTs":"2022-09-19T14:32:56.067+00:00","monPolDn":"uni/tn-common/monepg-default","name":"default","nameAlias":"","ownerKey":"","ownerTag":"","prio":"unspecified","reevaluateAll":"no","scope":"context","status":"","targetDscp":"unspecified","uid":"0","userdom":"all"}}},{"vzBrCP":{"attributes":{"accessPrivilege":"USER","annotation":"","childAction":"","configIssues":"","descr":"","dn":"uni/tn-TN-Production/brc-ALLOW-ALL","extMngdBy":"","intent":"install","lcOwn":"local","modTs":"2023-01-26T14:45:33.218+00:00","monPolDn":"uni/tn-common/monepg-default","name":"ALLOW-ALL","nameAlias":"","ownerKey":"","ownerTag":"","prio":"unspecified","reevaluateAll":"no","scope":"global","status":"","targetDscp":"unspecified","uid":"15374","userdom":":all:"}}},{"vzBrCP":{"attributes":{"accessPrivilege":"USER","annotation":"","childAction":"","configIssues":"","descr":"","dn":"uni/tn-TN-Production/brc-T1-T2","extMngdBy":"","intent":"install","lcOwn":"local","modTs":"2023-06-08T13:05:12.638+00:00","monPolDn":"uni/tn-common/monepg-default","name":"T1-T2","nameAlias":"","ownerKey":"","ownerTag":"","prio":"unspecified","reevaluateAll":"no","scope":"context","status":"","targetDscp":"unspecified","uid":"15374","userdom":":all:"}}},{"vzBrCP":{"attributes":{"accessPrivilege":"USER","annotation":"","childAction":"","configIssues":"","descr":"","dn":"uni/tn-common/brc-external_to_web_con","extMngdBy":"","intent":"install","lcOwn":"local","modTs":"2023-06-09T22:04:17.760+00:00","monPolDn":"uni/tn-common/monepg-default","name":"external_to_web_con","nameAlias":"","ownerKey":"","ownerTag":"","prio":"unspecified","reevaluateAll":"no","scope":"global","status":"","targetDscp":"unspecified","uid":"15374","userdom":":all:"}}},{"vzBrCP":{"attributes":{"accessPrivilege":"USER","annotation":"orchestrator:ansible","childAction":"","configIssues":"","descr":"","dn":"uni/tn-TN-Production/brc-T2-T3","extMngdBy":"","intent":"install","lcOwn":"local","modTs":"2023-07-13T10:37:44.234+00:00","monPolDn":"uni/tn-common/monepg-default","name":"T2-T3","nameAlias":"","ownerKey":"","ownerTag":"","prio":"unspecified","reevaluateAll":"no","scope":"context","status":"","targetDscp":"unspecified","uid":"15374","userdom":":all:"}}}]}