{"totalCount":"9","imdata":[{"vzFilter":{"attributes":{"accessPrivilege":"USER","annotation":"","childAction":"","descr":"","dn":"uni/tn-TN-Production/flt-ip-traffic","extMngdBy":"","fwdId":"153","id":"implicit","lcOwn":"local","modTs":"2022-09-19T14:33:13.758+00:00","monPolDn":"uni/tn-common/monepg-default","name":"ip-traffic","nameAlias":"","ownerKey":"","ownerTag":"","revId":"153","status":"","txId":"5188146770730814145","uid":"15374","unsupportedEntries":"no","unsupportedMgmtEntries":"no","userdom":":all:","usesIds":"yes"}}},{"vzFilter":{"attributes":{"accessPrivilege":"USER","annotation":"orchestrator:ansible","childAction":"","descr":"","dn":"uni/tn-TN-Production/flt-https","extMngdBy":"","fwdId":"6","id":"implicit","lcOwn":"local","modTs":"2023-06-11T23:31:52.265+00:00","monPolDn":"uni/tn-common/monepg-default","name":"https","nameAlias":"","ownerKey":"","ownerTag":"","revId":"7","status":"","txId":"5188146770736104408","uid":"15374","unsupportedEntries":"no","unsupportedMgmtEntries":"no","userdom":":all:","usesIds":"yes"}}},{"vzFilter":{"attributes":{"accessPrivilege":"USER","annotation":"","childAction":"","descr":"","dn":"uni/tn-mgmt/flt-all","extMngdBy":"","fwdId":"default","id":"implicit","lcOwn":"local","modTs":"2022-09-19T14:33:05.667+00:00","monPolDn":"uni/tn-common/monepg-default","name":"all","nameAlias":"","ownerKey":"","ownerTag":"","revId":"default","status":"","txId":"14987979559889013491","uid":"15374","unsupportedEntries":"no","unsupportedMgmtEntries":"no","userdom":":all:","usesIds":"yes"}}},{"vzFilter":{"attributes":{"accessPrivilege":"USER","annotation":"","childAction":"","descr":"","dn":"uni/tn-mgmt/flt-all_mgmt","extMngdBy":"","fwdId":"default","id":"implicit","lcOwn":"local","modTs":"2022-09-19T14:33:05.667+00:00","monPolDn":"uni/tn-common/monepg-default","name":"all_mgmt","nameAlias":"","ownerKey":"","ownerTag":"","revId":"default","status":"","txId":"14987979559889013491","uid":"15374","unsupportedEntries":"no","unsupportedMgmtEntries":"no","userdom":":all:","usesIds":"yes"}}},{"vzFilter":{"attributes":{"accessPrivilege":"USER","annotation":"orchestrator:msc","childAction":"","descr":"","dn":"uni/tn-common/flt-icmp","extMngdBy":"","fwdId":"2","id":"implicit","lcOwn":"local","modTs":"2022-09-19T14:32:56.067+00:00","monPolDn":"uni/tn-common/monepg-default","name":"icmp","nameAlias":"","ownerKey":"","ownerTag":"","revId":"2","status":"","txId":"0","uid":"0","unsupportedEntries":"no","unsupportedMgmtEntries":"no","userdom":"all","usesIds":"yes"}}},{"vzFilter":{"attributes":{"accessPrivilege":"USER","annotation":"","childAction":"","descr":"","dn":"uni/tn-common/flt-default","extMngdBy":"","fwdId":"default","id":"implicit","lcOwn":"local","modTs":"2022-09-19T12:46:11.410+00:00","monPolDn":"uni/tn-common/monepg-default","name":"default","nameAlias":"","ownerKey":"","ownerTag":"","revId":"default","status":"","txId":"0","uid":"0","unsupportedEntries":"no","unsupportedMgmtEntries":"no","userdom":"all","usesIds":"yes"}}},{"vzFilter":{"attributes":{"accessPrivilege":"USER","annotation":"","childAction":"","descr":"","dn":"uni/tn-common/flt-est","extMngdBy":"","fwdId":"1","id":"implicit","lcOwn":"local","modTs":"2022-09-19T12:46:11.410+00:00","monPolDn":"uni/tn-common/monepg-default","name":"est","nameAlias":"","ownerKey":"","ownerTag":"","revId":"1","status":"","txId":"0","uid":"0","unsupportedEntries":"no","unsupportedMgmtEntries":"no","userdom":"all","usesIds":"yes"}}},{"vzFilter":{"attributes":{"accessPrivilege":"USER","annotation":"","childAction":"","descr":"","dn":"uni/tn-common/flt-arp","extMngdBy":"","fwdId":"3","id":"implicit","lcOwn":"local","modTs":"2022-09-19T12:46:11.410+00:00","monPolDn":"uni/tn-common/monepg-default","name":"arp","nameAlias":"","ownerKey":"","ownerTag":"","revId":"3","status":"","txId":"0","uid":"0","unsupportedEntries":"no","unsupportedMgmtEntries":"no","userdom":"all","usesIds":"yes"}}},{"vzFilter":{"attributes":{"accessPrivilege":"USER","annotation":"","childAction":"","descr":"","dn":"uni/tn-TN-Production/flt-arp_deny","extMngdBy":"","fwdId":"3","id":"implicit","lcOwn":"local","modTs":"2023-01-27T01:44:01.786+00:00","monPolDn":"uni/tn-common/monepg-default","name":"arp_deny","nameAlias":"","ownerKey":"","ownerTag":"","revId":"3","status":"","txId":"5188146770731075052","uid":"15374","unsupportedEntries":"no","unsupportedMgmtEntries":"no","userdom":":all:","usesIds":"yes"}}}]}